name,price
David’s Cookies Mile High Peanut Butter Cake,$56.99 
"The Cake Bake Shop 8"" Round Carrot Cake (16-22 Servings)",$159.99 
St Michel Madeleine,$44.99 
David's Cookies Butter Pecan Meltaways 32 oz,$39.99 
David’s Cookies Premier Chocolate Cake,$59.99 
David's Cookies Mango & Strawberry Cheesecake 2-count (28 Slices Total),$59.99 
La Grande Galette French Butter Cookies,$74.99 
David's Cookies No Sugar Added Cheesecake & Marble Truffle Cake,$59.99 
David's Cookies Brownie and Cookie Combo Pack,$29.99 
"The Cake Bake Shop 8"" Round Chocolate Cake (16-22 Servings)",$159.99 
"David's Cookies 10"" Rainbow Cake  (12 Servings)",$62.99 
The Cake Bake Shop 2 Tier Special Occasion Cake (16-22 Servings),$299.99 
David's Cookies 90-piece Gourmet Chocolate Chunk Frozen Cookie Dough,$54.99 
David's Cookies Chocolate Fudge Birthday Cake,$54.99 
Ferrara’s Bakery New York Cheesecake 2-pack,$89.99 
David’s Cookies Variety Cheesecakes,$59.99 
Classic Cake Tiramisu Quarter Sheet Cake (14 Pre-Cut Total Slices,$89.99 
Mary Macleod's Gluten Free Shortbread Cookies Mixed Assortment 8-Pack ,$49.99 
"The Cake Bake Shop 8"" Round Pixie Fetti Cake (16-22 Servings)",$159.99 
Classic Cake Chocolate Entremet Quarter Sheet Cake (14 Pre-Cut Total Slices,$89.99 
Ferrara’s Bakery 8 in. Tiramisu Cake,$99.99 
Classic Cake Limoncello Quarter Sheet Cake (14 Pre-Cut Total Slices,$89.99 
deMilan Panettone Classico Tin Cake 2.2 lb Tin,$24.99 
David’s Cookies Decadent Triple Chocolate made with mini Hershey’s Kisses and Reese’s Peanut Butter Cup Cookies Tin – 2 Count,$39.99 
Ferrara's Bakery 4 lbs. Italian Cookie Pack,$72.99 
"Ferrara's Bakery 48 Mini Cannoli's (24 Plain Filled and 24 Hand Dipped Belgian Chocolate) - 1.5"" to 2"" In Length",$119.99 
Ferrara's Bakery 24 Large Cannoli's (12 Plain Filled and 12 Hand Dipped Belgian Chocolate),$109.99 
Mary Macleod’s Shortbread,$99.99 
Ferrara's Bakery Rainbow Cookies 1.5 lb,$34.99 
Ferrara's Bakery 2 lb Italian Cookie Tray and Struffoli,$59.99 
"Tootie Pie 11"" Heavenly Chocolate Pie",$89.99 
"Tootie Pie 11"" Whiskey Pecan Pie",$89.99 
"Tootie Pie 11"" Huge Original Apple Pie",$59.99 
Pulp & Press Organic Cold-Pressed Wellness Shot Pack,$99.99 
Prime Hydration+ Sticks Electrolyte Drink Mix,$27.99 
Prime Hydration Drink,$21.99 
Alani Nu Energy Drink,$20.99 
Poppi Prebiotic Soda,$19.99 
Poppi Prebiotic Soda,$19.99 
Kirkland Signature Bottled Water 16.9 fl oz,$439.99 
Kirkland Signature,$9.99 
Kirkland Signature,$14.99 
Kirkland Signature,$21.99 
Kirkland Signature Colombian Cold Brew Coffee,$18.99 
Hint Flavored Water,$21.49 
Califia Farms,$17.99 
Pulp and Press 3-Day Organic Cold Pressed Juice Cleanse,$89.99 
Saratoga Sparkling Spring Water,$23.99 
Pure Life Purified Water,$4.99 
Fiji Natural Artesian Water,$24.99 
Tropicana,$18.99 
Olipop 12 oz Prebiotics Soda Variety Pack,$54.99 
SO Delicious,$12.99 
La Colombe Draft Latte Cold Brew Coffee,$21.99 
Tropicana,$18.99 
Coca-Cola Mini,$18.99 
Joyburst Energy Variety,$32.99 
Illy Cold Brew Coffee Drink,$29.99 
Kirkland Signature,$21.99 
LaCroix Sparkling Water,$13.79 
C4 Performance Energy Drink,$23.49 
San Pellegrino Sparkling Natural Mineral Water,$19.99 
Kirkland Signature Green Tea Bags,$14.99 
Horizon,$21.99 
LaCroix Sparkling Water,$13.79 
Liquid Death Sparkling Water,$14.99 
Starbucks Classic Hot Cocoa Mix 30 oz,$34.99 
VitaCup Green Tea Instant Packets with Matcha,$39.99 
San Pellegrino Essenza,$19.99 
Carnation,$22.99 
Sencha Naturals Everyday Matcha Green Tea Powder,$49.99 
LaCroix Curate Commemorative Collection Sparkling Water,$14.99 
Lipton,$8.99 
San Pellegrino Italian Sparkling Drink,$23.99 
Kirkland Signature,$12.99 
Horizon,$21.99 
Vita Coco,$23.99 
Nestle La Lechera,$15.99 
Kirkland Signature,$12.99 
LaCroix Sparkling Water,$13.79 
Celsius Sparkling Energy Drink,$28.99 
Vita Coco,$27.99 
San Pellegrino Italian Sparkling Drink,$23.99 
Vonbee Honey Citron & Ginger Tea 4.4 lb 2-pack,$34.99 
Honest Kids,$15.99 
Lipton Original Tea Bags,$12.99 
San Pellegrino Italian Sparkling Drink,$23.99 
5-hour Energy Shot,$39.99 
Pepsi Mini,$16.49 
100% Spring Water,$549.99 
Stash Tea,$17.49 
C2O Coconut Water Hydration Pack,$25.99 
Oregon Chai,$11.69 
Tiesta Tea Blueberry Wild Child,$59.99 
Pressed Cold-Pressed Juice & Shot Bundle -18 Bottles,$69.99 
Ito En Jasmine Green Tea,$21.99 
Pure Leaf Tea,$19.99 
Ito En Oi Ocha Unsweetened Green Tea,$21.79 
Pressed 3-Day Cleanse Bundle (18 Juices & 6 Shots),$99.99 
Kirkland Signature,$17.99 
Martinelli's,$29.99 
Gatorade Zero Thirst Quencher,$18.99 
Celsius Sparkling Energy Drink,$37.99 
IZZE,$19.99 
Pressed 5-day Cleanse Bundle - 40 bottles,$139.99 
Welch's,$18.99 
Celsius Sparkling Energy Drink,$37.99 
Pulp and Press 5-Day Organic Cold Pressed Juice Cleanse,$159.99 
Pure Leaf Tea,$19.99 
LaCroix Sparkling Water,$13.79 
LaCroix Sparkling Water,$13.79 
Bigelow Herbal Tea,$23.99 
Kirkland Signature,$17.99 
Swiss Miss,$9.99 
Ito En Golden Oolong Tea,$21.99 
Ocean Spray,$14.99 
Red Bull Energy Drink,$41.99 
Dole,$15.99 
Pulp & Press Organic Cold-Pressed Juice Variety Pack,$99.99 
Ocean Spray,$18.49 
Dole,$17.99 
Mott's,$15.99 
Gatorade Thirst Quencher,$18.99 
Tiesta Tea Loose Leaf Tea Variety 3-Pack (16 oz each),$69.99 
V8,$19.99 
Celsius Sparkling Energy Drink,$37.99 
Welch’s,$12.99 
Thaiwala,$12.99 
Dunkin' Iced Coffee,$28.99 
Pressed Cold-Pressed Greens,$74.99 
Big Train,$23.99 
ZOA Zero Sugar Energy Drink,$18.99 
Ocean Spray,$16.99 
Red Bull Energy Drink,$41.99 
Sprite Mini,$18.99 
Capri Sun,$15.99 
Monster Energy Drink,$36.99 
Joyburst Hydration Drink,$54.99 
CheongKwanJang Hong Sam Won Red Ginseng Drink,$28.99 
Monster Energy Drink,$36.99 
C4 Energy Drink,$23.49 
Gatorade Thirst Quencher,$20.99 
Pressed 3-day Beginner Cleanse Bundle  - 24 bottles,$99.99 
V8 Splash,$14.99 
Red Bull Energy Drink,$39.99 
Clamato,$10.99 
Big Train Vanilla Latte Mix,$23.99 
Big Train,$23.99 
Red Bull Energy Drink,$41.99 
Red Bull Energy Drink,$61.99 
Country Time,$10.99 
Red Bull Energy Drink,$39.99 
Body Armor Lyte Sports Drink,$22.99 
Red Bull Energy Drink,$61.99 
Ready Sports Drink Light,$24.99 
Cherry Bay Orchards Tart Cherry Concentrate 32 fl. oz.,$39.99 
Kirkland Signature,$9.99 
Jumex Nectar,$15.99 
C4 Energy Drink,$22.99 
Tang,$9.99 
Pressed 36-count (2 oz) Wellness Shots ,$89.99 
Kirkland Signature,$17.99 
5-hour Energy Shot,$49.99 
Red Bull Energy Drink,$41.99 
Red Bull Energy Drink,$41.99 
5-hour Energy Shot,$39.99 
Kern's,$17.99 
ZOA Zero Sugar Energy Drink,$20.99 
Red Bull Energy Drink,$41.99 
Red Bull Energy Drink,$41.99 
Tree Top,$21.99 
Body Armor Sports Drink,$22.99 
5-hour Energy Shot,$49.99 
Bai Antioxidant Infusion,$23.99 
Nestle,$9.99 
Sunny D,$17.59 
5-hour Energy Shot,$49.99 
5-hour Energy Shot,$49.99 
Bai Antioxidant Cocofusion,$23.99 
Tree Top,$11.99 
Joyburst Energy Drink,$24.49 
MadeGood Granola Minis,$10.49 
Post,$9.69 
General Mills,$8.19 
Kirkland Signature Whole Grain Rolled Oats,$9.99 
NuTrail Keto Nut Granola Blueberry Cinnamon 2-Pack (22 oz each),$28.99 
NuTrail Keto Nut Granola Honey Nut 2-pack (22 oz. each),$36.99 
Quaker,$14.99 
Cinnamon,$9.99 
Kirkland Signature Organic Ancient Grain Granola,$10.49 
Quaker Instant Oatmeal Cups,$12.99 
Idaho Spuds,$9.49 
Kellogg's,$12.49 
General Mills Cereal Cup,$10.99 
Krusteaz,$9.99 
Quaker,$11.99 
General Mills,$9.99 
Kellogg's Cereal Mini Boxes,$11.99 
Kellogg's Frosted Flakes Cereal,$10.99 
Bisquick,$10.99 
Kellogg's Cereal Cups,$12.69 
Bob's Red Mill Organic Quick Cooking Steel Cut Oats,$14.99 
Kirkland Signature Almonds,$16.99 
Kirkland Signature Raisins,$15.99 
Kinder Joy Egg,$16.99 
Kirkland Signature All Chocolate Bag,$22.99 
Mott's Fruit Snacks,$10.99 
Kinder Chocolate Mini,$11.99 
Reese's Pieces,$15.99 
Hershey's Milk Chocolate with Almonds,$34.99 
Utah Truffles Dark Chocolate Truffles With Sea Salt 16 oz,$29.99 
Kellogg's Rice Krispies Treats,$11.99 
E.Frutti Gummi Pizza,$14.99 
Mars Minis Chocolate Favorites,$24.99 
Hershey's Milk Chocolate With Almonds,$39.99 
Utah Truffle Milk Chocolate Mint Truffles 16 oz,$29.99 
Lindt Lindor Chocolate Truffles,$15.99 
Charms Mini Pops,$11.99 
Chocolate Moonshine Co. Belgian Artisan Chocolate Caramel Biscuit Bark,$44.99 
M&M's,$31.99 
Ferrero Rocher,$17.99 
Bouchard Belgian Napolitains Premium Dark Chocolate 32 oz,$49.99 
Ghirardelli Chocolate Squares Premium Chocolate Assortment,$18.99 
Ferrero Rocher,$14.99 
Godiva Masterpieces Assortment of Legendary Milk Chocolate 14.9 oz 4-Pack,$54.99 
Charms Blow Pop,$15.99 
Kiss My Keto Gummy Candy Fish Friends,$32.99 
Chocolate Moonshine Co. Belgian Artisan Black Cherry Bourbon Bark,$44.99 
Kiss My Keto Gummies Tropical Rings,$32.99 
Topps Jumbo Push Pops,$28.99 
Reese's Peanut Butter Cups,$12.99 
Dove Milk Chocolate Candy Bars,$19.99 
Ice Breakers Ice Cubes Sugar Free Gum,$15.49 
Altoids Smalls Breath Mints,$10.99 
Kirkland Signature Funhouse Treats,$21.99 
Godiva Assorted Chocolate Gold Collection Gift Box 36-pieces,$46.99 
Starburst Original Chewy Candy,$11.49 
Reese's Peanut Butter Cups,$39.99 
Hershey's Kisses,$16.39 
Haribo Goldbears Gummi Candy,$19.99 
Ice Breaker Duos Mints,$17.49 
Skittles and Starburst Chewy Candy,$29.99 
Heath Bar,$19.99 
Fruit Gushers Fruit Flavored Snacks,$15.99 
Nutella & GO! Hazelnut and Cocoa Spread With Pretzels,$18.99 
Ice Breakers Cube Peppermint Gum,$14.99 
AirHeads,$15.99 
Sanders Dark Chocolate Sea Salt Caramels 36 oz.,$34.99 
Original Gourmet Lollipops,$17.99 
M&M's Milk Chocolate Candy,$18.99 
Mentos Pure Fresh Sugar Free Gum,$13.99 
Hershey's Miniatures,$19.99 
Hershey's Nuggets Assortment,$16.39 
Hershey's Milk Chocolate,$39.99 
Pocky Chocolate Biscuit Stick,$9.99 
Nerds Candy,$19.99 
Extra Sugar Free Chewing Gum,$17.99 
Kinder Bueno Mini,$11.99 
Sour Punch Twists,$16.99 
Ice Breakers Sugar Free Mints,$16.99 
Extra Sugar Free Chewing Gum,$11.49 
Hershey's Nuggets,$19.99 
Sour Punch Straws,$17.99 
Twix Share Size Chocolate Caramel Cookie Candy Bar,$44.99 
Trident Sugar Free Gum,$10.99 
E.Frutti Gummi Hot Dog,$8.99 
Trolli Sour Brite Crawlers Candy,$24.99 
Swedish Fish Soft & Chewy Candy,$24.99 
Haribo Goldbears Gummi Candy,$16.49 
Life Savers Breath Mints Hard Candy,$10.49 
Hi-Chew Fruit Chews,$11.99 
Sanders Milk Chocolate Sea Salt Caramels 36 oz.,$34.99 
Jolly Rancher Hard Candy,$14.99 
Skittles Tropical Full Size Chewy Candy,$38.99 
Trident Sugar Free Gum,$10.99 
Truffettes de France Cocoa Truffles 16 oz,$34.99 
Almond Joy,$34.99 
Trident Sugar Free Gum,$10.99 
Extra Sugar Free Chewing Gum,$11.49 
Fruit By The Foot,$19.99 
Godiva Premium Assorted Chocolates,$19.99 
Crunch Candy Bar,$39.99 
Twix Chocolate Salted Caramel Cookie Candy Bar,$36.99 
Payday Peanut Caramel Bar,$26.99 
Extra Sugar Free Chewing Gum,$11.99 
M&M's Milk Chocolate Candy,$49.99 
Hubba Bubba Max Chewing Gum,$13.49 
Ice Breakers Ice Cubes Sugar Free Gum,$14.99 
M&M's Milk Chocolate Candy Minis,$26.99 
Kit Kat Crisp Wafers In Milk Chocolate,$37.99 
Twix Caramel Cookie Chocolate Candy Bar,$39.99 
M&M's Chocolate Candy,$18.99 
Kinder Bueno Chocolate and Hazelnut Chocolate Bars,$19.99 
M&M's Chocolate Candy,$49.99 
Ice Breakers Sugar Free Mints,$16.99 
Butterfinger,$14.99 
Mamba Fruit Chews,$19.99 
Trident Sugar Free Gum,$11.99 
Page Not Found!,$18.99 
Hershey's King Size Milk Chocolate Bars,$34.99 
Nerds Candy Gummy Clusters,$19.99 
Hawaiian Host Aloha Gems,$21.99 
5 Gum Sugar Free Chewing Gum,$14.49 
Life Savers Share Size Gummies,$26.69 
Nerds Candy Gummy Clusters,$20.99 
Hi-Chew Fruit Chews,$13.99 
A'cappella Caramel Ensemble,$42.99 
Hershey's,$39.99 
M&M's Chocolate Candy,$44.99 
AirHeads Bites,$22.99 
Starburst Chewy Candy,$36.99 
Milky Way Chocolate Candy,$44.99 
Andes Mints,$15.99 
Red Vines Licorice,$14.99 
Trident Sugar Free Gum,$11.99 
Sanders Dark Chocolate Sea Salt Bourbon 2-pack (36 oz.),$34.99 
Mrs. Calls Kettle Cooked Sea Salt Soft Caramels 25 oz,$34.99 
Skittles Original Chewy Candy,$11.49 
Milky Way Full Size Chocolate Candy,$39.99 
Reese's Sticks,$45.99 
Snickers Chocolate Candy Bars,$49.99 
Chocolate Moonshine Fudge,$39.99 
M&M's Chocolate Candy,$25.99 
Skittles Wild Berry Chewy Candy,$39.99 
Mentos,$14.99 
Butterfinger Candy Bar,$39.99 
Popcornopolis Pumpkin Spice Cone,$54.99 
Snickers Chocolate Candy Bars,$44.99 
Life Savers Hard Candy,$17.99 
3 Musketeers Chocolate Candy Bar,$39.99 
Sour Punch Straws,$17.99 
Sour Patch Soft & Chewy Candy,$24.99 
SweeTARTS Soft and Chewy Ropes,$21.99 
Sour Punch Straws,$17.99 
Jolly Rancher Fruit Chew Lollipops,$17.99 
A'cappella Knotty Grahams Ensemble,$42.99 
Trident White,$11.99 
Junior Mints,$25.99 
Skittles Original Chewy Candy,$36.99 
Hershey's Kit Kat,$46.99 
A'cappella Bark Ensemble,$42.99 
Reese's Fast Break,$34.99 
AirHeads Xtremes Sour Belts,$17.99 
Sour Patch Kids Soft & Chewy Candy,$24.99 
Hospitality Mints Thank You Buttermints,$7.99 
Airheads Xtremes Sweetly Sour Belts,$17.99 
Altoids Breath Mints,$26.99 
Red Vines Twists,$15.49 
AirHeads,$22.99 
Life Savers Gummy Candy,$25.69 
Kit Kat Big Kat,$31.99 
Reese’s Caramel Big Cup,$15.99 
Tic Tac,$13.49 
Baby Ruth,$26.99 
Godiva Dark Chocolate Ganache Hearts 14.8 oz 4-pack,$54.99 
Ghirardelli Chocolate Assortment Valentine's Duet Hearts. 15.2 oz. ,$17.99 
Tide Pods HE Laundry Detergent Pods,$28.99 
Tide Pods HE Laundry Detergent Pods,$28.99 
Tide Ultra Concentrated Liquid Laundry Detergent,$24.99 
Swiffer Duster Heavy Duty Dusting Kit,$15.99 
Swiffer Sweeper Heavy Duty Dry Sweeping Cloth Refills,$15.99 
Gain Ultra Concentrated +AromaBoost HE Liquid Laundry Detergent,$19.49 
Dawn Platinum Advanced Power Liquid Dish Soap,$12.09 
Cascade Platinum Plus Dishwasher Detergent Pacs,$19.99 
Bounce Dryer Sheets,$10.79 
Lysol Disinfecting Wipes,$16.99 
Downy Unstopables In-Wash Scent Booster Beads,$17.89 
Downy Ultra Concentrated HE Fabric Softener,$13.99 
Nellie’s Laundry Soda,$42.99 
Tide Advanced Power with Oxi Liquid Laundry Detergent,$23.99 
Tide HE Ultra Oxi Powder Laundry Detergent,$34.99 
Tide Pods with Ultra Oxi HE Laundry Detergent Pods,$28.79 
Downy Fresh Protect In-Wash Odor Defense Scent Beads,$21.49 
Nellie’s Laundry Starter Pack,$54.99 
Kirkland Signature Ultra Clean HE Liquid Laundry Detergent,$21.99 
Kirkland Signature Ultra Clean Free & Clear HE Liquid Laundry Detergent,$19.99 
Nellie’s Baby Laundry Soda,$89.99 
Kirkland Signature Ultra Clean HE Laundry Detergent Pacs,$22.99 
Scotch-Brite Zero Scratch Sponge,$14.49 
Nellie's Laundry Nuggets,$84.99 
Nellie's Laundry Soda,$89.99 
Scotch-Brite Heavy Duty Sponge,$14.49 
ECOS HE Laundry Detergent Sheets,$38.99 
ECOS HE Liquid Laundry Detergent,$38.99 
Kirkland Signature Platinum Performance UltraShine Dishwasher Detergent Pacs,$13.99 
Kirkland Signature 10-Gallon Wastebasket Liner,$13.99 
Boulder Clean Laundry Detergent Sheets,$29.99 
Arm & Hammer Plus OxiClean Max HE Liquid Laundry Detergent,$17.99 
All Free & Clear Plus+ HE Liquid Laundry Detergent,$16.99 
simplehuman Custom Fit Liners,$32.99through-$83.99
Cascade Advanced Power Liquid Dishwasher Detergent,$12.99 
ECOS HE Liquid Laundry Detergent,$38.99 
Tide Ultra Concentrated with Downy HE Liquid Laundry Detergent,$22.99 
Clorox Disinfecting Wipes,$22.99 
Cascade Complete Dishwasher Detergent Actionpacs,$20.89 
The Unscented Company Liquid Laundry Detergent Refill Box,$44.99 
MyEcoWorld 13-gallon Compostable Food Waste Bag,$36.99 
Kirkland Signature Ultra Shine Liquid Dish Soap,$9.79 
MyEcoWorld 3-gallon Compostable Food Waste Bag,$29.89 
Tide Pods with Downy HE Laundry Detergent Pods,$29.99 
The Unscented Company HE Liquid Laundry Detergent Bottle & Refill Box,$54.99 
Nellie's Dish Butter Bundle,$39.99 
Lysol HE Laundry Sanitizer,$19.99 
Cascade Platinum Dishwasher Detergent Actionpacs,$24.99 
Kirkland Signature Antibacterial Liquid Dish Soap,$9.49 
Clorox Clean-Up All Purpose Cleaner with Bleach,$22.99 
Boulder Clean Liquid Laundry Detergent,$24.99 
Finish Powerball Quantum Dishwasher Detergent Tabs,$22.99 
The Unscented Company Liquid Dish Soap Refill Box,$41.99 
Kirkland Signature Flex-Tech 13-Gallon Kitchen Trash Bag,$19.99 
Palmolive Ultra Strength Liquid Dish Soap,$10.99 
The Unscented Company Laundry Tabs,$74.99 
Scotch-Brite Lint Roller,$17.89 
Clear-Touch Food Handling Nitrile Gloves,$29.99 
Nellie's Wow Mop Starter Kit,$199.99 
O-Cedar EasyWring Spin Mop & Bucket System with 3 Refills,$42.99 
The Unscented Company Liquid Dish Soap Bottle & Refill Box,$49.99 
Kirkland Signature Fabric Softener Sheets,$11.99 
Windex Original Glass Cleaner,$14.99 
Fabuloso Multi-Purpose Cleaner,$12.49 
Simple Green All-Purpose Cleaner,$10.99 
Nellie's Dishwasher Nuggets,$59.99 
Boulder Clean Disinfectant Cleaner,$23.99 
Bona Hardwood Floor Cleaner,$29.99 
Febreze Air Refresher,$18.49 
Dawn Platinum Powerwash,$10.99 
Medline Clear-Touch Vinyl Food Service Gloves,$14.99 
Twist & Shout Spin Mop & Bucket System with 1 Refill,$47.99 
OxiClean HE Powder Versatile Stain Remover,$18.39 
Puracy Surface Cleaner,$24.99 
Lysol Disinfectant Spray,$22.99 
Dr. Jacobs Naturals Pure Castile Soap,$34.99 
Poo-Pourri Toilet Spray,$26.99 
Dr. Jacobs Naturals Pure Castile Soap,$34.99 
Finish Jet-Dry Ultra Dishwasher Rinse Aid,$13.99 
Nouvelle Legende Ribbed Microfiber Bar Towel,$8.99 
Nellie’s Bulk Oxygen Brightener,$43.99 
Nellie's Floor Care,$33.99 
Kirkland Signature Flex-Tech 13-Gallon Scented Kitchen Trash Bags,$19.99 
Nellie's Lamby Dryerballs,$39.99 
Kirkland Signature 18-Gallon Compactor & Kitchen Trash Bag,$17.49 
Clorox ToiletWand Disposable Toilet Cleaning System with 36 Refills,$21.99 
Kirkland Signature 50-Gallon Outdoor Trash Bag,$28.49 
The Unscented Company Dryer Balls,$34.99 
Scott Shop Towels,$19.99 
Scotch-Brite Heavy Duty Scour Pads,$8.99 
Kirkland Signature Ultra Fresh In-Wash Scent Boosters,$17.49 
The Unscented Company Dishwasher Tabs,$89.99 
The Unscented Company Dishwasher Tabs,$29.99 
Unitex 100% Cotton Towel,$26.99 
Kirkland Signature Coffee Organic Pacific Bold K-Cup Pod,$31.99 
Kirkland Signature Coffee Organic Summit Roast K-Cup Pod,$31.99 
Kirkland Signature Coffee Organic Breakfast Blend K-Cup Pod,$31.99 
Folgers Classic Roast Ground Coffee,$10.29 
Starbucks Dark French Roast K-Cup,$42.99 
Kirkland Signature Coffee Organic House Decaf K-Cup Pod,$31.99 
Kirkland Signature Organic Ethiopia Whole Bean Coffee,$19.99 
Kirkland Signature Whole Bean Coffee,$13.99 
Kirkland Signature Organic Colombian Decaf Whole Bean Coffee,$18.99 
Kirkland Signature Organic Sumatra Whole Bean Coffee,$42.99 
Starbucks Coffee Single Origin Sumatra Dark Roast K-Cup,$42.99 
Kirkland Signature Rwandan Coffee 3 lb,$37.99 
Peet's Coffee Major Dickason's Blend Coffee,$18.99 
Kirkland Signature House Blend Coffee,$17.99 
Peet’s Coffee Decaf House Blend K-Cup Pod,$42.99 
Kirkland Signature Sumatran Whole Bean Coffee 3 lb,$44.99 
Starbucks Pike Place Medium Roast K-Cup,$42.99 
Kirkland Signature Colombian Supremo Coffee,$20.99 
Peet's Coffee Major Dickason's Blend K-Cup Pod,$42.99 
Peet's Coffee Major Dickason's Blend Whole Bean,$42.99 
Kirkland Signature Costa Rica Coffee 3 lb,$37.99 
Lavazza Caffé Espresso 100% Premium Arabica Coffee,$17.99 
Kirkland Signature Espresso Blend Coffee,$18.99 
Starbucks Coffee Caffè Verona Dark Roast K-Cup Pod,$42.99 
Kirkland Signature USDA Organic Whole Bean Blend 2 lb,$29.99 
Starbucks Coffee Veranda Blend Blonde Roast K-Cup,$42.99 
Kirkland Signature 100% Colombian Coffee,$14.99 
Kirkland Signature Decaf House Blend Coffee,$19.99 
Lavazza Espresso Gran Crema Whole Bean Coffee,$17.99 
San Francisco Bay Coffee French Roast OneCup,$35.99 
Kirkland Signature Decaffeinated Coffee,$16.99 
Nescafé Taster's Choice Instant Coffee,$18.99 
Mayorga Buenos Días,$39.99 
Copper Moon Coffee Dark Sky Whole Bean Coffee,$28.99 
Peet’s Coffee Org French Roast K-Cup Pod,$42.99 
Peet's Coffee Decaf Major Dickason's Ground,$42.99 
Ruta Maya Organic Jiguaní Whole Bean Coffee 5 lb,$47.99 
Peet's Coffee Big Bang Ground,$42.99 
Dunkin’ Donuts Original Blend,$25.99 
Tim Hortons Coffee Original Blend K-Cup Pod,$44.99 
Jose’s Vanilla Nut Whole Bean Coffee 3 lb,$44.99 
The Original Donut Shop Coffee K-Cup Pod,$48.99 
Cometeer Dark Roast Coffee,$99.99 
Dunkin' Donuts,$41.99 
Newman's Own Organics Coffee Special Blend K-Cup Pod,$48.99 
Nestlé Coffee-Mate Liquid Creamer,$14.99 
Kirkland Signature 100% Colombian Coffee,$28.99 
Caribou Coffee Caribou Blend K-Cup Pod,$48.99 
Ruta Maya Organic Medium Roast Whole Bean Coffee 5 lb,$44.99 
San Francisco Bay Organic Rainforest Blend Whole Bean Coffee 3 lbs,$56.99 
Jose’s 100% Colombia Supremo Whole Bean Coffee,$44.99 
Starbucks Espresso,$22.99 
Jose’s 100% Organic Mayan Whole Bean Coffee 2.5 lb,$44.99 
San Francisco French Roast Whole Bean Coffee 3 lb,$34.99 
Copper Moon Costa Rica Blend,$34.99 
Starbucks VIA Instant Colombia Coffee,$19.99 
Mayorga Café Cubano Roast,$39.99 
Mayorga Decaf Café Cubano Roast,$39.99 
Nestlé Coffee-mate Liquid Creamer,$12.99 
San Francisco Bay Coffee Light Roast Cold Brew Coarse Ground Coffee,$39.99 
Parisi Artisan Coffee Bolivian Organic Blend Whole Bean 2 lb,$36.99 
Tully's Coffee French Roast K-Cups Pods,$48.99 
Folgers Instant Coffee Classic Roast Coffee,$11.99 
VitaCup Slim Instant Coffee Packets,$29.99 
Tully's Coffee Hawaiian Blend K-Cups Packs,$48.99 
Nestlé Coffee-mate Coffee Creamer,$16.99 
Caffe Vita Coffee Caffe Del Sol Blend Whole Bean,$59.99 
San Francisco Bay Decaf French Roast Whole Bean Coffee 2 lb,$34.99 
Caffe Vita Coffee Theo Blend Whole Bean,$59.99 
Caffe Vita Caffe Luna French Roast Whole Bean,$59.99 
Nestlé Coffee-mate Powdered Creamer,$10.99 
Nestlé Coffee-mate Coffee Creamer,$16.99 
Land O Lake's Mini Moos Half & Half Liquid Creamer,$13.99 
Pleasant Hill Farms Gourmet Ground Coffee,$29.69 
International Delight Liquid Creamer,$14.99 
Connaisseur #4 Cone Coffee Filters,$6.59 
International Delight Liquid Creamer,$14.99 
Ruta Maya Decaffeinated Coffee 2.2 lb,$44.99 
San Francisco Bay Coffee Organic Rainforest Blend Ground 28oz,$39.99 
Mayorga Organics Mayan Blend,$39.99 
VitaCup Shroom Fuel Mushroom Based Coffee Alternative Packets,$39.99 
Connaisseur Coffee Filters,$4.99 
Mayorga Organic Winter Blend,$39.99 
International Delight Liquid Creamer,$14.99 
Nescafé Taster's Choice Decaf House Blend Instant Coffee,$23.99 
Splenda Zero Calorie Sweetener Packets,$21.99 
Ruta Maya Organic Dark Roast Coffee,$44.99 
Nescafé Clasico Instant Coffee,$20.99 
Mother Earth Organic Medium Roast Coffee 2 lb,$39.99 
TNI King Coffee 3-in-1 Instant Coffeemix Sticks,$16.99 
Caffe D'Vita,$13.99 
N'Joy Powdered Creamer,$18.99 
Jose's Hazelnut Cream Medium Roast Whole Bean 2 lbs,$39.99 
Yuban Gold Coffee,$14.99 
Kirkland Signature Guatemalan Coffee 3 lb,$42.99 
Tsar Nicoulai Baerii Caviar 2 oz. Gift Set,$99.99 
Tsar Nicoulai Classic White Sturgeon Caviar 2 oz Gift Set,$119.99 
Plaza Osetra Farmed Bulgarian Sturgeon Caviar 2 oz,$199.99 
"Giordano's Chicago Frozen 10"" Deep Dish Stuffed Pizza",$89.99 
Tsar Nicoulai Estate White Sturgeon Caviar 4.4 oz,$149.99 
D'Artagnan 13-piece Gourmet Roasting Ham & Luxury Charcuterie Gift Box,$199.99 
Covap Jamon Iberico Bellota Ham Leg with Stand and Knife,$649.99 
Plaza Golden Osetra Caviar Kilo Pack,"$1,999.99 "
Noel Consorcio Serrano Ham Reserva Leg,$109.99 
Plaza Osetra Farmed Bulgarian Sturgeon Caviar,$124.99 
D'Artagnan 18-month Aged Boneless Spanish Serrano Ham,$249.99 
Tsar Nicoulai Baerii Caviar 2 oz,$249.99 
Pacific Plaza Golden Osetra Caviar 2 oz,$279.99 
Tsar Nicoulai Caviar Tasting Flight Gift Set ,$249.99 
Tsar Nicoulai Estate Classic White Sturgeon Caviar 2 oz,$199.99 
Plaza Golden Osetra 2 oz Caviar Gift Set,$169.99 
Plaza Golden Osetra Caviar,$549.99 
Plaza Osetra Kilo Caviar Pack,"$1,399.99 "
Plaza Osetra Farmed Bulgarian Sturgeon Caviar,$379.99 
Fratelli Beretta Snack Pack,$59.99 
Fratelli Beretta Prosciutto di Parma Boneless,$249.99 
50-stem White Roses,$49.99 
100-stem Baby's Breath,$74.99 
Valentine's Day Pre-Order Hugs and Kisses Arrangement,$59.99 
Blushing Beauty Arrangement,$54.99 
Valentine's Day Pre-Order 50-stem Red Roses,$64.99 
Valentine's Day Pre-Order 50-stem Shades of Pink Roses,$64.99 
Birthday Full of Happiness Floral Arrangement,$46.99 
50-stem Red Roses,$49.99 
Valentine's Day Pre-Order Red Romance Arrangement,$69.99 
Truly Sweet Floral Arrangement,$59.99 
50-stem Light Pink Roses,$49.99 
Valentine's Day Pre-Order 50-stem Lavender Roses,$64.99 
Inspire Floral Arrangement,$54.99through-$59.99
Tranquility Vase Arrangement ,$49.99through-$54.99
Love You More Floral Arrangement,$55.99 
Passion Vase Arrangement,$49.99through-$54.99
24-stem Hydrangeas,$59.99 
Mountain Bouquet Event Collection,$99.99 
Timeless Romance Floral Arrangement,$59.99 
Valentine's Day Pre-Order 50-stem Red & White Roses,$64.99 
50-stem Red & White Roses,$49.99 
Bountiful Garden Bouquet,$43.99 
115-stem Floral Variety Combination,$99.99 
Day Dream Vase Arrangement ,$49.99through-$54.99
Mini Floral Centerpieces,$109.99 
6' Wedding Runner,$109.99 
Valentine's Day Forever Roses,$129.99 
50-stem Lavender Roses,$49.99 
Sunset Bliss Floral Arrangement,$56.99 
100-stem Fillers and Greens ,$64.99 
Valentine's Day Cherish Forever Arrangement,$59.99 
Birthday Celebration Floral Arrangement,$49.99 
100-stem White and Green Fillers,$69.99 
50-stem Shades of Pink Quad Roses,$49.99 
Elegance Floral Arrangement,$46.99 
100-stem Carnations,$59.99 
50-stem Yellow Roses,$49.99 
Valentine's Day Pre-Order 50-stem Hot Pink / Light Pink Roses,$64.99 
Mystical Garden Floral Arrangement,$57.99 
Sunflower Sunshine Floral Arrangement,$56.99 
50-stem Hot Pink Roses,$49.99 
100-stem Assorted Green Fillers ,$69.99 
Get Well Wishes Floral Arrangement,$49.99 
Fleur Floral Arrangement,$42.99 
Fleur Vibrant Floral Arrangement,$43.99 
Valentine's Day Pre-Order Endless Love ,$59.99through-$64.99
Fresh Wedding Garland,$109.99 
Island Breeze Bouquet,$58.99 
80-stem Alstroemeria,$52.99 
Thinking of You Floral Arrangement,$52.99 
Valentine's Day Pre-Order Red,$69.99 
120-stem Ranunculus ,$179.99 
Rose Petals,$74.99 
White Garden Floral Arrangement,$45.99 
40-stem Sunflowers,$59.99 
40-stem Mini Green Hydrangeas,$64.99 
Valentine's Day Pre-Order Garden of Love Bouquet  ,$49.99 
60-stem Gerberas,$69.99 
Valentine's Day Pre-Order Red and White Romance Arrangement,$69.99 
Valentine's Day Pre-Order Mai Tai Tropical Bouquet,$56.99 
Tranquil Garden Bouquet,$43.99 
Bright and Beautiful Birthday Arrangement,$45.99 
30-stem Calla Lilies and 75-stem Roses,$119.99 
Valentine's Day Magical Love Arrangement,$59.99 
Valentine's Day Perfect Love ,$49.99through-$54.99
Wildflower Floral Arrangement,$46.99 
Valentine's Day Pre-Order 50-stem White Roses,$64.99 
Soft Grace Wedding Collection,$219.99through-$549.99
Valentine's Day Galentine's Day,$49.99 
Wedding Variety Collection,$84.99through-$219.99
40-stem Calla Lilies and 20-stem Hydrangea,$109.99 
Boutonnieres & Wrist Corsages,$129.99 
True Beauty Floral Arrangement,$55.99 
Orange Sorbet Wedding Package,$219.99through-$549.99
Blush Wedding Collection,$219.99through-$529.99
Kirkland Signature Caramel S’mores Clusters,$11.99 
Vacaville Fruit Company 56 oz  Dried Fruit & Nut Wooden Gift Tray,$39.99 
The Fruit Company Classic 5-box Tower,$49.99 
Plaza Osetra Farmed Bulgarian Sturgeon Caviar 2 oz,$199.99 
Dewey’s Bakery Celebration Gift Box,$49.99 
Ferrero Rocher,$17.99 
David's Cookies Brownie and Cookie Combo Pack,$29.99 
Tsar Nicoulai Classic White Sturgeon Caviar 2 oz Gift Set,$119.99 
Healthy Snack Box,$44.99 
Office Favorites Snack Box,$39.99 
Tsar Nicoulai Estate White Sturgeon Caviar 4.4 oz,$149.99 
Isabelle Pineapple Cakes 27.1 oz,$49.99 
Movie Marathon Gourmet Popcorn Gift Set ,$39.99 
D'Artagnan 13-piece Gourmet Roasting Ham & Luxury Charcuterie Gift Box,$199.99 
The Balanced Company,$49.99 
Vacaville Dried Mixed Fruit,$34.99 
Tsar Nicoulai Baerii Caviar 2 oz. Gift Set,$99.99 
Lunar New Year Basket,$69.99 
Borgo de Medici Luxury Truffle Tray Set,$59.99 
Ferrero Rocher,$14.99 
Mediterranean Handmade Baklava Bundle with Honey 2-pack 1.98 lbs each,$39.99 
The Fruit Company's Savory Charcuterie Box,$99.99 
Dorm Room Snack Box,$39.99 
Tea Forte Lotus Spa Bundle,$49.99 
The Fruit Company's Columbia River Fruit Basket,$89.99 
Godiva Valentine’s Day Radiant Red Gift Basket,$79.99 
Jacques Torres Assorted Chocolate Small Hat Box,$69.99 
"The Fruit Company ""Thank You"" Fruit Basket",$69.99 
The Fruit Company Vintage Crate with Pears & Apples,$59.99 
Traditions Tea Teapot Tower Gift Set,$39.99 
Jacques Torres Assorted Chocolate Large Hat Box,$149.99 
D'Artagnan Extreme American Wagyu Burger Lovers Bundle 12 Total Packs,$159.99 
Cheryl's Cookies 24-count Assorted Valentine's Day Cookies ,$34.99 
Best of Dewey’s Bakery Gift Box,$49.99 
Chocolate Covered Company Premium Dried Fruit & Mendiant Gift Tray,$59.99 
Chocolate Covered Company Giant Belgian Chocolate Breakable Cupcake,$49.99 
The Fruit Company Royal Comice Pears,$49.99 
Popcornopolis Metallic Hearts Mini Cones,$44.99 
Heaton Pecans Roasted Salted Pecans,$39.99 
eat.art Salt and Spice Set 2-pack,$44.99 
Cailler L'Atelier Artisan Inspired Chocolates Gift Box,$15.99 
Godiva Valentine’s Day Gift Tower,$49.99 
Stonewall Kitchen Ultimate Breakfast Gift Set,$89.99 
Plaza Osetra Farmed Bulgarian Sturgeon Caviar,$124.99 
Sanders Dark Chocolate Peppermint Sea Salt Caramel 2-pack (36 oz),$34.99 
Mrs. Fields Special Occasions Cookie Tin,$46.99 
Heaton Pecans Roasted & Salted Pecans Tin 2.5 lbs,$54.99 
TRE Olive Oil Calabrian Gift Box,$79.99 
Hawaiian Host Aloha Gems,$21.99 
Tsar Nicoulai Estate Classic White Sturgeon Caviar 2 oz,$199.99 
Chocolate Covered Company Belgian Chocolate Breakable Hearts,$49.99 
Mrs. Fields Get Well Soon Bear & Cookie Crate,$54.99 
Stonewall Kitchen New England Morning Batter Bowl Gift Set,$59.99 
Our Heroes' Care Pack ,$56.99 
Heaton Pecans Large Square Chocolate Covered Pecan Tin 3.75 lbs,$59.99 
Joe & Seph's Factory Tin Gourmet Popcorn,$39.99 
Collin Street Bakery’s Medium Sprinkle-Top DeLuxe Fruitcake,$79.99 
Best of Hawaii Gift Set,$109.99 
Plaza Osetra Farmed Bulgarian Sturgeon Caviar,$379.99 
Popcornopolis Ultimate Classic Assorted Tall Cones,$109.99 
Plaza Golden Osetra 2 oz Caviar Gift Set,$169.99 
"The Fruit Company ""Happy Birthday"" Fruit Basket",$69.99 
TRE Olive Merenda Gift Box,$69.99 
Austin Cake Ball Catering Assortment 48 Cake Balls,$89.99 
Tsar Nicoulai Baerii Caviar 2 oz,$249.99 
Heaton Pecans Praline Pecans Tin 3 lbs. ,$59.99 
The Popcorn Factory 4 Gallon Valentines Day Popcorn Tin,$49.99 
Plaza Golden Osetra Caviar,$549.99 
Pacific Plaza Golden Osetra Caviar 2 oz,$279.99 
Chocolate Covered Company LOVE Belgian Chocolate Covered Strawberries,$59.99 
Vacaville Fruit Company 34 oz. Dried Fruit & Nut Gift Tray,$34.99 
Damn,$79.99 
Valentine’s Day Teddy Bear Tote,$49.99 
Chocolate Covered Company Valentine's Day Belgian 6 Chocolate Covered Strawberries and 6 Mini Cheesecake Pops,$59.99 
5 High Sweet Heart Valentine's Day Tower,$34.99 
Sugarfina Vice Cafe Candy Bento Box 8 Small Cube,$59.99 
Jacques Torres 14 oz. Assorted Hot Chocolate Tin & Candy Cane Hot Chocolate Tin,$59.99 
Sugarfina 4 Large Cube Variety Pack,$69.99 
Mrs. Fields Happy Valentine's Day Cookie Combo Tin,$46.99 
D’Artagnan Ultimate Steak Lovers Gift Box,$229.99 
Plaza Osetra Kilo Caviar Pack,"$1,399.99 "
Plaza Golden Osetra Caviar Kilo Pack,"$1,999.99 "
Ferrara's Bakery 2 lb Italian Cookie Tray and Struffoli,$59.99 
Around the World 15 oz Spicy Nuts,$59.99 
Sugarfina XOXO Candy Bento Box ,$54.99 
Old Fashioned Whiskey Time & Snacks Gift Set ,$69.99 
The Fruit Company Heart of Hearts Valentine's Day Tower,$54.99 
Sugar Plum Valentine's Boo Box,$39.99 
Godiva Valentine's Day Heart Assorted Chocolate Gift Box 14 pieces,$29.99 
Cambro CamSquare 2 Quart Food Storage Container with Lid,$18.99 
Cambro Square 4-Quart Food Storage Container with Lid,$25.99 
Cambro Round 2-Quart Food Storage Container with Lid,$11.99 
Cambro Round 4 Quart Food Storage Container with Lid,$12.99 
Kirkland Signature Alkaline AA Batteries,$17.99 
Duracell Coppertop Alkaline AA Batteries,$20.99 
Kirkland Signature Alkaline AAA Batteries,$17.99 
Duracell Coppertop Alkaline AAA Batteries,$20.99 
Duracell 9V Alkaline Batteries,$20.99 
Duracell D Alkaline Batteries,$18.99 
Duracell C Alkaline Batteries,$18.99 
Cambro CamSquare 8 Quart Food Container with Lid,$24.99 
"Russell 10"" Cook's Knife",$17.99 
"Tramontina Professional 8"" Restaurant Fry Pan",$26.99 
Tramontina Aluminum Baking Sheet Pan,$14.99 
"Tramontina Professional 12"" Restaurant Fry Pan",$27.99 
"Tramontina Professional 10"" Restaurant Fry Pan",$36.99 
Tramontina ProLine Windsor Oval Soup Spoon,$9.99 
Tramontina ProLine Windsor Dinner Knife,$19.99 
Tramontina ProLine Windsor Dinner Fork,$9.99 
Taylor Waterproof Instant Read Food Thermometer,$12.99 
Tramontina ProLine Windsor Teaspoon,$8.49 
Winco Cutting Board,$7.49 
BIC Grip 4 Color Ball Pens with 3 Color + Pencil Set,$12.99 
Nouvelle Legende Ribbed Microfiber Bar Towel,$8.99 
"3M Scotch Precision Ultra Edge 8"" Scissor",$11.39 
Tramontina ProLine 6 in Chef's Cleaver,$22.99 
3M Scotch Magic Tape,$22.99 
Scotch Shipping Packaging Tape with Dispenser,$12.99 
"Winco 8-3/4"" Portable Can Opener with Crank Handle",$12.99 
Epson T502 EcoTank Ink Bottles BK/C/Y/M,$49.99 
Takeya 2-quart Beverage Pitcher 2-pack,$26.99 
HP 63XL High Yield Ink Cartridge,$93.79 
HP 962XL High Yield Ink Cartridge,$109.99 
TOPS Perforated Legal Ruled Letter Pad,$17.99 
HP 902XL High Yield Ink Cartridge,$91.79 
Post-it Ruled Notes,$11.39 
Post-it Notes,$11.29 
HP 62XL High Yield Ink Cartridge,$93.79 
uni-ball 207 Retractable Gel Pen,$12.39 
HP 64XL High Yield Ink Cartridge,$95.79 
Nouvelle Legende Ribbed 100% Cotton Bar Towel,$22.99 
Tramontina Serving Spoons,$10.49 
HP 952XL High Yield Ink Cartridge,$117.79 
Scotch Packaging Tape,$15.99 
Bostitch Premium Desktop Stapler Value Pack,$14.99 
Scotch Heavy Duty Shipping Tape 8-pack,$26.99 
HP 910XL High Yield Ink Cartridge,$69.79 
"Bostitch 1/4"" Premium Staples",$4.49 
HP 67XL High Yield Ink Cartridge,$52.79 
HP 962XL High Yield Ink Cartridge,$93.79 
HP 952XL High Yield Ink Cartridge,$102.79 
HP 910XL High Yield Ink Cartridge,$84.79 
Pentel Twist-Erase Click Mechanical Pencil,$10.19 
Scotch Heavy Duty Shipping Packaging Tape with Tape Gun Dispenser,$16.49 
Nouvelle Legende Flame Retardant Oven Mitt,$5.49 
Pilot G2 Gel Pen,$19.99 
Pendaflex 1/3 Cut File Folder Letter Size,$12.99 
"TOPS 1"" R-Ring View Binder 6-count    ",$12.79 
Nouvelle Legende Commercial Grade Apron,$9.49 
"TOPS Non-stick 1/2"" View Binder",$11.99 
Pilot G2 Gel Pens Assorted Colors,$19.99 
Scotch Permanent Glue Stick,$8.99 
Advantage Premium Bright Ink Jet and Laser Paper,$10.99 
BIC Mechanical Pencil Kit,$14.99 
Post-it Notes,$17.99 
Winco 9-Inch Non-Slip Locking Tongs,$11.99 
BIC Ecolutions Ocean-Bound Retractable Gel Pens,$15.99 
Sharpie Fine Point Permanent Marker,$16.99 
Eurow Nouvelle Legende Placemats,$13.99 
Unitex 100% Cotton Towel,$26.99 
BIC Clic Stic Retractable Ballpoint Pen,$10.99 
Zevo Flying Insect Trap Starter Kit,$39.99 
Expo Low Odor Dry Erase Markers,$14.99 
Avery Easy Peel Address Labels,$39.99 
Avery Heavyweight Sheet Protector,$14.99 
iSi North America 1 Pint Stainless Cream Whipper Dispenser,$73.99 
Post-It Self-Stick Notes,$18.99 
Nouvelle Legende Flour Sack Towels,$18.99 
Russell International Take-Apart Poultry Shears,$22.99 
Nouvelle Legende Rectangular Tablecloth,$16.99 
Kirkland Signature Super Extra-Large Peanuts,$8.99 
Kirkland Signature Paper Towels,$22.99 
Kirkland Signature Coffee Organic Pacific Bold K-Cup Pod,$31.99 
Kirkland Signature Super B-Complex with Electrolytes,$15.99 
Kirkland Signature Coffee Organic Summit Roast K-Cup Pod,$31.99 
Kirkland Signature Coffee Organic Breakfast Blend K-Cup Pod,$31.99 
Kirkland Signature Mature Formula Chicken,$52.99 
Kirkland Signature Chewy Protein Bar,$18.99 
Kirkland Signature Chicken and Rice Cat Food 25 lbs.,$36.99 
Kirkland Signature Almonds,$16.99 
Kirkland Signature,$14.99 
Kirkland Signature Ultra Clean HE Liquid Laundry Detergent,$21.99 
Kirkland Signature Ultra Clean Free & Clear HE Liquid Laundry Detergent,$19.99 
Kirkland Signature Whole Bean Coffee,$13.99 
Kirkland Signature Puppy Formula Chicken,$32.99 
Kirkland Signature Ultra Clean HE Laundry Detergent Pacs,$22.99 
Kirkland Signature Small Formula Chicken & Vegetable Dog Food 20 lb.,$32.99 
Kirkland Signature Rwandan Coffee 3 lb,$37.99 
Kirkland Signature Nature's Domain Puppy Formula Chicken & Pea Dog Food 20 lb.,$32.99 
Kirkland Signature Platinum Performance UltraShine Dishwasher Detergent Pacs,$13.99 
Kirkland Signature Coffee Organic House Decaf K-Cup Pod,$31.99 
Kirkland Signature,$11.99 
Kirkland Signature Raisins,$15.99 
Kirkland Signature 10-Gallon Wastebasket Liner,$13.99 
Kirkland Signature,$9.99 
Kirkland Signature Adult Formula Lamb,$52.99 
Kirkland Signature Adult Formula Chicken,$49.99 
Kirkland Signature House Blend Coffee,$17.99 
Kirkland Signature Sumatran Whole Bean Coffee 3 lb,$44.99 
Kirkland Signature Protein Bar,$22.99 
Kirkland Signature,$14.99 
Kirkland Signature,$18.99 
Kirkland Signature Nature's Domain Salmon & Sweet Potato Formula Dog Food,$52.99 
Kirkland Signature Colombian Supremo Coffee,$20.99 
Kirkland Signature,$12.99 
Kirkland Signature Costa Rica Coffee 3 lb,$37.99 
Kirkland Signature Nut Bars,$17.99 
Kirkland Signature,$21.99 
Kirkland Signature Soft & Chewy Granola Bars,$11.99 
Kirkland Signature Creamy Almond Butter,$7.99 
Kirkland Signature Colombian Cold Brew Coffee,$18.99 
Kirkland Signature Espresso Blend Coffee,$18.99 
Kirkland Signature Cashew Clusters,$10.99 
Kirkland Signature Chicken Meal & Rice Formula Dog Biscuits,$18.99 
Kirkland Signature All Chocolate Bag,$22.99 
Kirkland Signature,$18.99 
Kirkland Signature 100% Colombian Coffee,$14.99 
Kirkland Signature Organic No-Salt Seasoning,$9.99 
Kirkland Signature Ultra Shine Liquid Dish Soap,$9.79 
Kirkland Signature Snacking Nuts,$16.99 
Kirkland Signature Turkey Jerky,$13.99 
Kirkland Signature Healthy Weight Cat Food 20 lbs.,$32.99 
Kirkland Signature Fancy Whole Cashews,$14.99 
Kirkland Signature Decaf House Blend Coffee,$19.99 
Whole Wheel Parmigiano Reggiano,$949.99 
Kirkland Signature Decaffeinated Coffee,$16.99 
Kirkland Signature Extra-Large Absorbent Pads,$20.99 
Kirkland Signature Trail Mix Snack Packs,$17.99 
Kirkland Signature Semi-Sweet Chocolate Chips,$13.99 
Kirkland Signature,$52.99 
Kirkland Signature Variety Snack Box,$32.99 
Kirkland Signature Nitrile Exam Gloves,$27.99 
Kirkland Signature,$10.49 
Kirkland Signature,$17.99 
Kirkland Signature Organic Raw Honey,$17.99 
Kirkland Signature Antibacterial Liquid Dish Soap,$9.49 
Kirkland Signature Organic Pine Nuts,$33.99 
Kirkland Signature Facial Tissue,$19.99 
Kirkland Signature Nature's Domain Beef & Sweet Potato Dog Food 35 lb.,$52.99 
Kirkland Signature Organic Pure Maple Syrup,$14.99 
Kirkland Signature Stretch-Tite Plastic Food Wrap,$19.99 
Kirkland Signature,$14.99 
Kirkland Signature Nature's Domain Cat Food 18 lbs.,$36.99 
Kirkland Signature Cutlery,$18.49 
Kirkland Signature,$10.99 
Kirkland Signature Green Tea Bags,$14.99 
Kirkland Signature,$14.99 
Kirkland Signature Supreme Whole Almonds,$10.99 
Kirkland Signature,$3.99 
Kirkland Signature Dry Roasted Macadamia Nuts,$21.99 
Kirkland Signature,$4.79 
Kirkland Signature Walnut Halves,$8.99 
Kirkland Signature 100% Colombian Coffee,$28.99 
Kirkland Signature Wild Flower Honey,$17.99 
Kirkland Signature In-Shell Pistachios,$15.99 
Kirkland Signature Pecan Halves,$12.99 
Kirkland Signature Shelled Pistachios,$16.99 
Kirkland Signature Facial Tissue,$34.99 
Kirkland Signature,$11.99 
Kirkland Signature,$10.99 
Kirkland Signature,$10.99 
Kirkland Signature Reynolds Foodservice Foil HD,$38.99 
Kirkland Signature,$8.99 
Kirkland Signature Fabric Softener Sheets,$11.99 
Kirkland Signature Trail Mix,$15.99 
Kirkland Signature Organic Blue Agave,$10.99 
Kirkland Signature Elegant Plastic Plates,$14.99 
Kirkland Signature,$13.99 
Kirkland Signature,$12.99 
Kirkland Signature Chinet 18 oz Plastic Cup,$13.99 
Kirkland Signature Premium Extra Thick Steak Strips,$12.99 
Kirkland Signature Stretch-Tite Plastic Food Wrap,$14.99 
Kirkland Signature,$17.99 
Kirkland Signature Gourmet Jelly Belly,$19.99 
Kirkland Signature,$7.99 
Kirkland Signature,$6.69 
Kirkland Signature Dental Chews,$36.99 
Kirkland Signature Praline Pecans,$16.99 
Kirkland Signature,$17.99 
Kirkland Signature Organic Roasted Seaweed,$11.99 
Kirkland Signature,$9.99 
Kirkland Signature Ultra Fresh Premium Fabric Conditioner,$13.99 
Kirkland Signature Parchment Paper,$14.99 
Kirkland Signature Reynolds Foodservice Foil,$37.49 
Kirkland Signature Funhouse Treats,$21.99 
Kirkland Signature Reynolds Foodservice Aluminum Foil,$16.49 
Kirkland Signature,$9.49 
Kirkland Signature,$8.99 
Kirkland Signature,$17.99 
Kirkland Signature Guatemalan Coffee 3 lb,$42.99 
Kirkland Signature,$10.99 
Kirkland Signature,$11.49 
Tide Pods HE Laundry Detergent Pods,$28.99 
Tide Pods HE Laundry Detergent Pods,$28.99 
Tide Ultra Concentrated Liquid Laundry Detergent,$24.99 
Gain Ultra Concentrated +AromaBoost HE Liquid Laundry Detergent,$19.49 
Bounce Dryer Sheets,$10.79 
Downy Unstopables In-Wash Scent Booster Beads,$17.89 
Downy Ultra Concentrated HE Fabric Softener,$13.99 
Nellie’s Laundry Soda,$42.99 
Tide Advanced Power with Oxi Liquid Laundry Detergent,$23.99 
Tide HE Ultra Oxi Powder Laundry Detergent,$34.99 
Tide Pods with Ultra Oxi HE Laundry Detergent Pods,$28.79 
Downy Fresh Protect In-Wash Odor Defense Scent Beads,$21.49 
Nellie’s Laundry Starter Pack,$54.99 
Kirkland Signature Ultra Clean HE Liquid Laundry Detergent,$21.99 
Kirkland Signature Ultra Clean Free & Clear HE Liquid Laundry Detergent,$19.99 
Nellie’s Baby Laundry Soda,$89.99 
Kirkland Signature Ultra Clean HE Laundry Detergent Pacs,$22.99 
Nellie's Laundry Nuggets,$84.99 
Nellie's Laundry Soda,$89.99 
ECOS HE Laundry Detergent Sheets,$38.99 
ECOS HE Liquid Laundry Detergent,$38.99 
Boulder Clean Laundry Detergent Sheets,$29.99 
Arm & Hammer Plus OxiClean Max HE Liquid Laundry Detergent,$17.99 
All Free & Clear Plus+ HE Liquid Laundry Detergent,$16.99 
ECOS HE Liquid Laundry Detergent,$38.99 
Tide Ultra Concentrated with Downy HE Liquid Laundry Detergent,$22.99 
The Unscented Company Liquid Laundry Detergent Refill Box,$44.99 
Tide Pods with Downy HE Laundry Detergent Pods,$29.99 
The Unscented Company HE Liquid Laundry Detergent Bottle & Refill Box,$54.99 
Lysol HE Laundry Sanitizer,$19.99 
Boulder Clean Liquid Laundry Detergent,$24.99 
The Unscented Company Laundry Tabs,$74.99 
Scotch-Brite Lint Roller,$17.89 
Kirkland Signature Fabric Softener Sheets,$11.99 
OxiClean HE Powder Versatile Stain Remover,$18.39 
Nellie’s Bulk Oxygen Brightener,$43.99 
Nellie's Lamby Dryerballs,$39.99 
The Unscented Company Dryer Balls,$34.99 
Kirkland Signature Ultra Fresh In-Wash Scent Boosters,$17.49 
Ahi Tuna Individual Vacuum Packed Portion (26-27/6 Oz. Per Portion),$149.99 
Chicago Steak USDA Prime Beef Wet Aged Boneless Strips & Gourmet Burgers,$229.99 
Alaska Home Pack Frozen Sea Cucumber - 3 Packs,$239.99 
Crown Prince Smoked Oysters in Olive Oil,$14.99 
Kansas City Steak Company USDA Choice Ribeye Steaks 18 Oz. Each (Available in 4,$129.99through-$279.99
Kansas City Steak Company USDA Choice NY Strip Steaks 16 Oz. Each (Available in 4,$109.99through-$259.99
Northfork Ground Bison - (10/1 Lb. Per Pack),$109.99 
Lobster With Shell Removed,$259.99 
Crescent Foods Halal Hand-Cut Beef,$159.99 
Farmer Focus Organic Boneless/Skinless Chicken Breasts,$149.99 
D’Artagnan Green Circle Chicken - Boneless & Skinless Breasts,$139.99 
Northwest Fish 4-6 Whole Dungeness Crab,$209.99 
Quality Ethnic Foods Halal Chicken Variety Pack (Drumsticks,$99.99 
Premium Seafood Variety Pack - 20 Total Packs,$349.99 
Northfork Elk Burger (30/5.33 Oz Per Burger),$109.99 
D'Artagnan Heritage Breed (6/3.25 Lbs. Per Whole Chicken),$169.99 
Chicago Steak - Steak & Cake - Filet Mignon,$199.99 
Northwest Fish Colossal Alaskan Wild Dungeness Crab Sections,$219.99 
Mila Chicken Xiao Long Bao Soup Dumplings - 50 Dumplings Per Bag,$99.99 
Kansas City Steak Company USDA Choice Combo Pack (4 Strips,$279.99 
D'Artagnan Extreme American Wagyu Burger Lovers Bundle 12 Total Packs,$159.99 
Texas Tamale Co. Chicken Tamales 6-pack of 12 each,$89.99 
Northwest Fish Wild Alaskan Sockeye Salmon Cheddar Bacon Burger Patties,$119.99 
Northfork Bison Burger (30/5.33 Oz Per Burger),$109.99 
Coastal Seafood Frozen Lobster Tails 12 Count (6 - 8  oz.),$229.99 
D'Artagnan 13-piece Gourmet Roasting Ham & Luxury Charcuterie Gift Box,$199.99 
Northwest Fish Alaskan Bairdi Snow Crab Sections,$299.99 
Authentic Wagyu Surf & Turf Pack,$279.99 
Rastelli Bone-In Premium Pork Rib Steak,$199.99 
Mila Pork Xiao Long Bao Soup Dumplings - 50 Dumplings Per Bag,$99.99 
Rastelli USDA Choice Boneless Black Angus Prime Rib Roast,$199.99 
Silver Fern Farms 100% New Zealand Grass-Fed,$129.99 
Authentic Wagyu Surf & Turf Pack,$339.99 
D’Artagnan Gourmet Steak & Burger Grill Pack,$399.99 
Rastelli Market Fresh Jumbo Lump Crab Cakes (20/4 Oz. Per Crab Cake),$199.99 
Rastelli Petite Filet Mignon & Jumbo Lump Crab Cake Surf & Turf,$349.99 
Chicago Steak Premium Angus Beef Surf & Turf,$239.99 
Chicago Steak Premium Angus Beef Burger Flight,$219.99 
Wild Alaska Snow Crab Meat (Bairdi Crab 8 oz. Pack) 12 Total Packs,$279.99 
Authentic Wagyu Kurobuta Applewood Smoked Thick Cut Bacon,$89.99 
Northwest Red King Salmon Portions,$179.99 
D’Artagnan Antibiotic Free Bone-in Beef Ribeye Roast,$429.99 
Rastelli's Pork Ribeye Steaks - (20/6 Oz Per Portion),$114.99 
Chicago Steak USDA Prime Surf & Turf,$299.99 
Ahi Tuna Mixed Pack,$239.99 
Mila Starter Pack Xiao Long Bao Soup Dumplings - 3 Bags,$129.99 
Northwest Fish Wild Alaskan Sockeye Salmon Fillets,$219.99 
Smoked New Zealand King Salmon,$109.99 
Crescent Foods Halal Hand Cut Steak Locker,$199.99 
Rastelli VBites Plant-Based Vegan Meat Substitute Mega Burger 6 oz each,$99.99 
Chicago Steak Filet Mignon & Scallop Combo,$249.99 
 Northwest Fish Wild Alaskan Sockeye Salmon Fillets Total 25 Count,$229.99 
A5 Wagyu Surf & Turf Pack,$379.99 
Wild Alaska Halibut Bits & Pieces,$159.99 
Authentic Wagyu Japanese A5 Wagyu Sampler Pack,$369.99 
Japanese A5 Wagyu Ribeye Steaks,$469.99 
Chicago Steak Premium Angus Beef Butcher Assortment ,$219.99 
Japanese Wagyu Center Cut New York Strip Steaks,$469.99 
Seabear Wild Sockeye & King  Smoked Salmon Fillet Duo,$64.99 
Authentic Wagyu Japanese A5 Bacon Wrapped Cubes,$249.99 
Rastelli Market Fresh Angus Beef Prime Petite Filet Mignons & Wild Caught Maine Lobster Tails,$189.99 
Trident Seafoods Smoked Sockeye Salmon,$59.99 
SeaBear Smoked Salmon Gift Boxes,$79.99 
Mila Variety Pack - Xiao Long Bao Soup Dumplings - 50 Dumplings Per Bag,$99.99 
Great Southern Grass Fed Beef,$249.99 
Pederson Natural Farms No Sugar Italian Ground Sausage 1 lb,$89.99 
Grizzly Salmon Tartare with Citrus Marinade,$129.99 
Rastelli’s ABF Burger Variety Pack (Wagyu,$199.99 
Rastelli Antibiotic-Free Wagyu Beef Craft Burgers (24/5.5 Oz. Per Burger),$109.99 
Norwegian Froya Salmon Loin,$159.99 
Rastelli USDA Choice Black Angus Beef Cowboy Steaks,$299.99 
Texas Tamale Co. Pork Tamales 6pk of 12 Each,$89.99 
Sampler: Dry-Cured Acorn-Fed 100% Iberico Pork Ham and Salami and Chorizo,$64.99 
Japanese A5 Wagyu Chuck Eye Steaks,$329.99 
Sesame Crusted Ahi Tuna Steaks,$269.99 
Authentic Wagyu Japanese A5 Wagyu Top Sirloin Medallions,$449.99 
Fully Cooked Confit Duck Legs - (8/1 Lbs. Per Pack),$179.99 
Holy Grail Steak Company - Kobe A5 Grade Japanese Wagyu Strip Steaks 14 Oz,$529.99 
All Natural Raw Duck Legs - (8/2 Legs Per Pack,$149.99 
Aysen Coho Sashimi Quality Salmon Portions,$169.99 
Quality Ethnic Foods Half Goat Meat Locker - 10 Total Packs,$169.99 
Japanese Wagyu New York Strip Loin Roast,$999.99 
Japanese Wagyu Boneless Ribeye Roast,"$1,099.99 "
Rastelli’s Antibiotic-Free Turkey Craft Burgers (32/5 Oz. Per Burger),$99.99 
Aysen Coho Salmon Filets,$199.99 
Key West Pink 16/20 Gulf Shrimp Headless Shell-On (3/2Lb Per Bag),$119.99 
Authentic Wagyu Japanese A5 Chuck Roll Bulgogi Style Slices,$239.99 
Japanese Wagyu Tenderloin Roast,$999.99 
Northfork Bison Combo Pack - (Ribeye,$139.99 
Japanese Wagyu,$549.99 
Great Southern Grass Fed Beef,$249.99 
Great Southern Grass Fed Beef,$239.99 
Hillshire Farm Slow Roasted Turkey Breast,
D'Artagnan American Wagyu Beef Filet Mignon,$399.99 
Whole Cooked Cold Water Lobsters,$259.99 
Authentic Wagyu Japanese A5 Peeled Flat Iron,$399.99 
Texas Tamale Co. Beef Tamales 6pk of 12 Each,$89.99 
Pederson Natural Farms Antibiotic Free Uncured No Sugar Bacon,$119.99 
Great Southern All Natural,$299.99 
Northfork Bison Trio of Ground Meats,$129.99 
Coastal Seafood Yellowfin Tuna Cubed Poke,$159.99 
Authentic Wagyu Japanese A5 Marinated Brisket Gyudon,$189.99 
Northwest Fish Wild Alaskan Cod Loins Total 25 Count,$169.99 
Alaska Black Cod (Sable Fish) - Individual Packed Portions (19-25/6-8 Oz. Per Portion),$269.99 
Lobster Claws & Arms,$199.99 
Swift All Natural Lamb Loin Chops,$179.99 
Coastal Seafood Live Maine Lobsters,$179.99 
Rastelli USDA Choice Black Angus Sirloin Coulotte Steak (20/6 Oz Per Steak),$149.99 
Tsar Nicoulai Caviar Sturgeon Pate 6 oz,$59.99 
Crescent Foods Halal Hand-Cut Lamb Locker Pack - 9 Total Packs,$159.99 
Authentic Wagyu Boneless Ribeye Roast A5 Grade,$549.99 
Cristobal Salted Cod Fillets 2 lbs,$69.97 
Rastelli Grass Fed Frenched Lamb Racks,$349.99 
Halal Certified Lamb Box - (2/2 20-22 Oz. Rack of Lambs,$139.99 
Rastelli USDA Choice Black Angus NY CC Strip Steak (12/10 Oz. Per Steak),$209.99 
Rastelli Choice Black Angus Tomahawk Steaks,$329.99 
Quality Ethnic Foods Halal Goat Cubes,$99.99 
Kansas City Steak Company USDA Choice Filet Mignon Steaks 12 Oz. Each (Available in 4,$169.99through-$429.99
A5 Wagyu Striploin Shabu Shabu slices,$229.99 
All Natural Boneless Duck Breast - (8/7 Oz. Per Duck Breast),$179.99 
Crescent Foods Halal Hand Cut Poultry Locker - 9 Total Packs,$149.99 
Northwest Fish Sablefish Loins,$269.99 
Northwest Fish Halibut Fillets,$249.99 
Authentic Wagyu Japanese A5 Wagyu Striploin Roast,$569.99 
Northwest Fish U-12 Sea Scallops,$219.99 
American Red Snapper - Whole,$189.99 
D'Artagnan American Wagyu Beef Strip Steaks,$299.99 
Rastelli USDA Choice Black Angus Filet Mignon (16/5 Oz. Per Filet Mignon),$219.99 
Quality Halal Cut Beef Oxtail,$159.99 
Northfork Bison Sirloin Steak,$149.99 
Quality Ethnic Foods Halal Beef Variety (9/1 Lbs. Per Pack),$129.99 
Whole Head On,$139.99 
D’Artagnan ABF Butcher Box Collection,$239.99 
D’Artagnan Ultimate Steak Lovers Gift Box,$229.99 
Portoro Australian Primal Beef Striploin - 1 Total Pack,$249.99 
Northfork Bison Medallion (8/5 Oz. Per Medallion),$139.99 
Authentic Wagyu Japanese A5 Ground Beef,$129.99 
Portoro Australian Primal Beef Ribeye - 1 Pack Total,$259.99 
Northfork Bison Tenderloin,$139.99 
D'Artagnan Whole ABF Pekin Duck,$219.99 
El Rey Del Pulpo,$159.99 
Mahi Mahi Boneless,$249.99 
Tsar Nicoulai Estate Smoked Sturgeon 6 oz,$79.99 
Japanese Wagyu Filet Mignons Steaks,$649.99 
Kirkland Signature,$11.99 
Kirkland Signature,$9.99 
Kirkland Signature,$18.99 
Kirkland Signature Organic No-Salt Seasoning,$9.99 
Kirkland Signature,$14.99 
Seeds of Change,$14.99 
Ruta Maya Organic Jiguaní Whole Bean Coffee 5 lb,$47.99 
Kirkland Signature Organic Raw Honey,$17.99 
Kirkland Signature Organic Pine Nuts,$33.99 
Kirkland Signature Organic Pure Maple Syrup,$14.99 
Kirkland Signature,$10.99 
Newman's Own Organics Coffee Special Blend K-Cup Pod,$48.99 
Thai Kitchen Organic Coconut Milk,$14.99 
Ruta Maya Organic Medium Roast Whole Bean Coffee 5 lb,$44.99 
Jose’s 100% Organic Mayan Whole Bean Coffee 2.5 lb,$44.99 
Kirkland Signature Organic Blue Agave,$10.99 
Kirkland Signature,$12.99 
Oregon Chai,$11.69 
Made in Nature Organic Berry Fusion 24 oz,$39.99 
Kirkland Signature,$17.99 
Kirkland Signature,$17.99 
Kirkland Signature Organic Roasted Seaweed,$11.99 
Made In Nature Organic Calimyrna Figs 40 oz,$49.99 
GoGo SqueeZ,$19.99 
Garofalo,$12.99 
S&W,$9.99 
Kirkland Signature,$9.49 
Ruta Maya Organic Dark Roast Coffee,$44.99 
S&W,$10.99 
Kirkland Signature,$17.99 
Mother Earth Organic Medium Roast Coffee 2 lb,$39.99 
Kirkland Signature,$10.99 
Acetum Organic Apple Cider Vinegar with the Mother,$27.99 
European Black Winter Fresh Truffles 3 oz.,$189.99 
Manuka Health UMF 20+ (MGO 850+) Raw Manuka Honey 8.8 oz,$59.99 
Kirkland Signature,$14.99 
Skippy Peanut Butter,$9.69 
Indomie Mi Goreng Instant Fried Noodles,$23.99 
Skippy Peanut Butter,$9.69 
Nongshim Shin Gold Ramyun Noodle Soup with Chicken Broth,$10.99 
Kirkland Signature,$11.99 
Kirkland Signature,$18.99 
Nissin,$13.99 
Namaste USDA Organic Gluten Free Perfect Sweet Brown Rice Flour Blend 48 oz  6-count,$74.99 
Kirkland Signature Creamy Almond Butter,$7.99 
Knorr,$22.99 
Season,$10.99 
Kirkland Signature,$18.99 
Snapdragon,$14.99 
Nongshim,$22.99 
Kirkland Signature Organic No-Salt Seasoning,$9.99 
Kraft,$12.49 
Bibigo,$13.49 
Samyang,$13.99 
Seeds of Change,$14.99 
Kraft,$18.99 
Nongshim,$19.99 
Chicken of the Sea,$19.99 
Kirkland Signature Semi-Sweet Chocolate Chips,$13.99 
Kirkland Signature,$52.99 
Skippy Creamy Peanut Butter Squeeze Packets,$9.99 
Nissin,$13.99 
Kraft,$26.99 
Nongshim,$10.39 
Kirkland Signature,$17.99 
Kirkland Signature Organic Raw Honey,$17.99 
Kirkland Signature Organic Pure Maple Syrup,$14.99 
Kirkland Signature,$14.99 
Kirkland Signature,$10.99 
Full Thread Greek Saffron 14 Gram Jar,$59.99 
Namaste Gluten Free Perfect Flour Blend,$56.99 
TRE Olive Oil Calabrian Gift Box,$79.99 
TRE Olive 2 Liter Extra Virgin Olive Oil,$39.99 
Kirkland Signature,$14.99 
Kirkland Signature,$3.99 
Napa Valley Naturals USDA Organic Extra Virgin Olive Oil 25.4 oz,$79.99 
Origin 846 Unfiltered Organic Extra Virgin Olive Oil 28.6 oz,$29.99 
Royal,$24.99 
Tre Olive Harvest Variety Gift Box Extra Virgin Olive Oil 3-Pack,$59.99 
Manuka Health UMF 10+ (MGO 263+) Raw Manuka Honey 17.6 oz,$29.99 
Kirkland Signature,$4.79 
Nissin,$17.49 
Terra Delyssa First Cold Press Extra Virgin Olive Oil 3L,$64.99 
Del Monte,$12.99 
Kirkland Signature,$14.99 
Kirkland Signature Wild Flower Honey,$17.99 
Del Monte,$13.99 
Thai Kitchen Organic Coconut Milk,$14.99 
Kirkland Signature,$10.99 
Wild Planet,$19.99 
Ardent Mills,$11.99 
Chosen Foods Avocado Oil Spray,$21.99 
Nestle La Lechera,$15.99 
Comvita UMF 25+ Special Reserve Manuka Honey 8.8 oz,$349.99 
eat.art Salt and Spice Set 2-pack,$44.99 
Kirkland Signature,$10.99 
Nissin,$13.99 
Kirkland Signature,$8.99 
Comvita Certified UMF 5+  (MGO 83+) Raw Manuka Honey (35.2 oz),$49.99 
Arm & Hammer,$10.99 
Namaste Gluten Free Waffle & Pancake Mix 3 lb 2-pack (6 lbs Total),$27.99 
Korean Honeyed Black Ginseng 20 Sticks,$109.99 
Del Monte,$12.99 
Prego,$10.99 
Comvita Certified UMF 18+ (MGO 696+) Raw Manuka Honey (8.8 oz),$59.99 
Swanson,$10.69 
Kirkland Signature Organic Blue Agave,$10.99 
Kirkland Signature,$13.99 
Campbell's,$15.99 
Sweetened Condensed Milk,$10.99 
Nanak Pure Desi Ghee Clarified Butter,$24.99 
Hidden Valley,$12.99 
Kinders Organic Garlic and  Herb with Sea Salt and Lemon 2-pack,$21.99 
Kirkland Signature,$7.99 
Kirkland Signature,$6.69 
Mazola,$37.99 
Jamie's Hive to Table 3.5 lbs. Full Frame Honeycomb ,$69.99 
Tabasco,$6.49 
Hidden Valley,$14.99 
Libby's,$14.99 
Omeals Self Heating Emergency/Portable Meals 32 Pack High Protein Assortment (32 Total Servings),$229.99 
Sweet Baby Ray's,$7.99 
Nissin,$16.99 
Golden Nest Premium Bird Nest Soup,$99.99 
Bisquick,$10.99 
Nongshim,$21.99 
Jif Peanut Butter,$10.69 
Kirkland Signature,$9.99 
Jif Creamy Peanut Butter 48 oz,$10.69 
Mrs. Dash,$14.99 
Sugar In The Raw,$10.49 
Kirkland Signature Organic Hemp Hearts,$54.99 
Lawry's,$9.99 
Garofalo,$12.99 
Global Gourmet 12-piece Hot Sauce Collection,$49.99 
Cholula,$11.99 
Ghirardelli,$16.99 
Jamie's Hive To Table 100% Pure Raw 12 oz. Honeycomb,$44.99 
S&W,$9.99 
Idahoan,$10.99 
Nielsen-Massey Madagascar Bourbon Pure Vanilla Bean Paste,$36.99 
Mr. Yoshida's,$8.99 
Kirkland Signature Ground Turmeric,$19.99 
Nutella Hazelnut Spread with Cocoa Mini Cups,$27.99 
McCormick,$10.99 
Bumble Bee,$16.99 
Garofalo,$15.99 
N'Joy Pure Sugar,$18.99 
Heinz,$12.99 
Olde Thompson,$6.99 
Kirkland Signature,$9.49 
Kirkland Signature,$9.99 
Kirkland Signature,$8.99 
Kirkland Signature Organic Ground Saigon Cinnamon,$19.99 
Trufflin 8.5 oz Truffle Sriracha Hot Sauce,$36.99 
Genova,$16.99 
Lea & Perrins,$9.99 
Splenda Zero Calorie Sweetener Packets,$21.99 
S&W,$10.99 
Crisco,$17.99 
Nutella Hazelnut Spread with Cocoa,$16.99 
Dole,$8.49 
Fresh Winter White  Truffles 2 oz,$349.99 
Clabber Girl,$14.99 
Nielsen-Massey Madagascar Bourbon Pure Vanilla Extract,$49.99 
Kirkland Signature,$9.99 
Lindsay,$14.99 
Pure Vanilla Extract,$16.99 
Rodelle,$8.49 
DJ&A Shiitake Mushroom Crisps 10.58 oz. bag,$49.99 
ReaLemon,$6.99 
Trufflehunter White Truffle Oil 2-Pack (8.45 oz each),$37.99 
Stevia in the Raw Zero Calorie Sweetener,$17.99 
Red Star,$8.99 
Yupik Organic Hulled Hemp Hearts 2.2 lb 3-pack,$56.99 
Kirkland Signature Solid White Albacore Tuna in Water,$19.99 
Nutella B-Ready Crispy Wafers,$15.99 
Hershey's Syrup,$11.99 
Spam 25% Less Sodium,$26.99 
McCormick Mayonnaise with Lime,$12.99 
Marianne's,$24.99 
C&H Pure Cane Sugar,$16.99 
Spam Classic,$26.99 
Kirkland Signature,$10.99 
Vertullo,$15.99 
McCormick,$10.49 
Tajin,$10.99 
French's,$6.99 
Olde Thompson,$7.99 
Best Foods,$11.99 
Sea Watch,$28.99 
Minced Black Truffle and Sliced Black Truffle Twin Pack ,$49.99 
Nielsen Massey Mexican Pure Vanilla Extract,$54.99 
C&H,$8.99 
Kinder's Organic Buttery Steakhouse 10.4 oz,$21.99 
Tabasco Brand,$8.49 
Hershey's Cocoa,$9.99 
McCormick,$7.99 
TruffleHunter Selection 5-piece Bundle ,$79.99 
Acetum Organic Apple Cider Vinegar with the Mother,$27.99 
Kirkland Signature Organic Modena Balsamic Vinegar 2-pack (33.8 oz each),$44.99 
La Civetta Italian Extra Virgin Olive Oil 3L,$79.99 
The Mazzetti Artistry Edition Balsamic Vinegar of Modena 8.45 fl oz.,$36.99 
Mazzetti L'Originale Chef's Reduction with Balsamic Vinegar of Modena 2-count,$19.99 
Charmin Ultra Soft Bath Tissue,$26.99 
Bounty Advanced Paper Towels,$29.99 
Charmin Ultra Strong Bath Tissue,$29.99 
Kleenex Trusted Care Facial Tissue,$18.49 
Kirkland Signature Paper Towels,$22.99 
Cottonelle Ultra Clean Bath Tissue,$31.99 
Caboo Bamboo Bath Tissue,$28.79 
Windsoft Bath Tissue,$26.99 
Marathon Bath Tissue,$34.99 
Marathon Jumbo Roll Bath Tissue,$24.99 
Marcal 100% Recycled Bath Tissue,$56.99 
Cambro Costco Business Center 22 Quart Bucket with Lid,$24.99 
Page Not Found!,$24.99 
Cambro CamSquare 2 Quart Food Storage Container with Lid,$18.99 
Ziploc Seal Top Bag,$16.19 
Caboo Bamboo Paper Towels,$28.79 
Marcal 100% Recycled Paper Towels,$62.99 
Viva Multi-Surface Cloth Paper Towels,$46.99 
Cambro Square 4-Quart Food Storage Container with Lid,$25.99 
Marathon 100% Recycled Paper Towel,$36.99 
Marathon Paper Towel,$48.99 
Cambro Round 2-Quart Food Storage Container with Lid,$11.99 
Cambro Round 4 Quart Food Storage Container with Lid,$12.99 
Ziploc Seal Top Freezer Bag,$16.19 
Ziploc Seal Top Freezer Bag,$16.19 
Ziploc Seal Top Freezer Bag,$16.19 
Ziploc Seal Top Freezer Bag,$16.19 
Artstyle Paper Plate & Napkin Bundle,$28.99 
"Dixie Ultra 10-1/16"" Paper Plate",$24.99 
Kleenex Soothing Lotion Tissue,$24.99 
Kleenex Ultra Soft Facial Tissue,$24.99 
"Dixie Ultra 8-1/2"" Paper Plate",$22.99 
Artstyle Paper Plate & Napkin Bundle,$23.99 
Artstyle Paper Plate & Napkin Bundle,$28.99 
Ziploc Seal Top Freezer Bag,$16.19 
Kleenex Ultra Slim Wallet Facial Tissue,$22.49 
Ziploc Seal Top Bag,$13.69 
"Dixie Ultra 6-7/8"" Paper Plate",$19.99 
"Chinet Classic Dinner 10-3/8"" Paper Plate",$26.49 
"Chinet Classic Lunch 8-3/4"" Paper Plate",$22.99 
Ziploc Slider Storage Bag,$16.19 
Kirkland Signature Facial Tissue,$19.99 
Kirkland Signature Cutlery,$18.49 
Kirkland Signature Stretch-Tite Plastic Food Wrap,$19.99 
"Chinet Classic Compartment 10-3/8"" Paper Plate",$26.99 
Ziploc Seal Top Freezer Bag,$11.89 
Eco-Foil Half Size Deep Steam Table Pan,$12.49 
Kirkland Signature Facial Tissue,$34.99 
Kirkland Signature Reynolds Foodservice Foil HD,$38.99 
Kirkland Signature Elegant Plastic Plates,$14.99 
Kirkland Signature Chinet 18 oz Plastic Cup,$13.99 
Chinet Premium 10 oz Plastic Cup,$16.99 
Dixie To Go 12 oz Insulated Paper Cup,$19.99 
Solo Heavyweight Plastic Knife,$14.99 
Dixie Ultra 20 oz Paper Bowl,$14.99 
Kirkland Signature Stretch-Tite Plastic Food Wrap,$14.99 
Chinet Crystal 10 oz Plastic Cup,$12.99 
"WNA 7-1/2"" Plastic Plates",$13.99 
Eco Raj 9-inch Compostable Bagasse Plate,$57.99 
Eco Raj 6-inch Compostable Bagasse Plate,$52.99 
Kirkland Signature Napkins,$13.99 
Eco Raj 10-inch Compostable Bagasse Plate,$72.99 
Java Jacket Paper Hot Cup Sleeve,$18.99 
Vanity Fair Everyday Napkin,$13.99 
Solo Heavyweight Plastic Fork,$14.99 
Solo Heavyweight Plastic Spoon,$14.99 
Chinet Comfort 16 oz Cup & Lid,$19.49 
WNA Plastic Plates,$15.29 
Kirkland Signature Parchment Paper,$14.99 
Dixie To Go 12 oz Insulated Cup & Lid,$19.39 
World Centric 9-inch Fiber Plate,$33.99 
Reynolds Wrap Heavy Duty Aluminum Foil,$19.99 
Reynolds Wrap Aluminum Foil,$24.99 
Kirkland Signature Reynolds Foodservice Foil,$37.49 
World Centric 6-inch Fiber Plate,$13.39 
KeepCool Crossbody Cooler Bag,$37.99 
Kirkland Signature Reynolds Foodservice Aluminum Foil,$16.49 
Reflections 3-piece Cutlery Kit,$20.99 
Vanity Fair Entertain Napkin,$12.99 
Marathon Dinner Napkin,$19.99 
World Centric 11.5 oz Fiber Bowl,$16.49 
Eco Raj 12 oz Compostable Bagasse Bowl,$79.99 
Hefty Super Weight 12 oz Foam Bowl,$16.49 
Marathon Beverage Napkin,$13.99 
Polyvinyl Films All Purpose Food Wrap,$28.99 
Chinet Classic 12 5/8-inch x 10-inch Paper Platter,$23.49 
Dixie Ultra Interfold Dispenser Paper Napkins,$33.99 
Marathon Centerpull Towel,$49.99 
Crescent Foods Halal Hand-Cut Beef,$159.99 
Farmer Focus Organic Boneless/Skinless Chicken Breasts,$149.99 
D’Artagnan Green Circle Chicken - Boneless & Skinless Breasts,$139.99 
Fully Cooked Confit Duck Legs - (8/1 Lbs. Per Pack),$179.99 
All Natural Raw Duck Legs - (8/2 Legs Per Pack,$149.99 
Rastelli’s Antibiotic-Free Turkey Craft Burgers (32/5 Oz. Per Burger),$99.99 
Hillshire Farm Slow Roasted Turkey Breast,
All Natural Boneless Duck Breast - (8/7 Oz. Per Duck Breast),$179.99 
D'Artagnan Whole ABF Pekin Duck,$219.99 
Ahi Tuna Individual Vacuum Packed Portion (26-27/6 Oz. Per Portion),$149.99 
Alaska Home Pack Frozen Sea Cucumber - 3 Packs,$239.99 
Crown Prince Smoked Oysters in Olive Oil,$14.99 
Lobster With Shell Removed,$259.99 
Northwest Fish 4-6 Whole Dungeness Crab,$209.99 
Premium Seafood Variety Pack - 20 Total Packs,$349.99 
Chicago Steak - Steak & Cake - Filet Mignon,$199.99 
Northwest Fish Colossal Alaskan Wild Dungeness Crab Sections,$219.99 
Northwest Fish Wild Alaskan Sockeye Salmon Cheddar Bacon Burger Patties,$119.99 
Coastal Seafood Frozen Lobster Tails 12 Count (6 - 8  oz.),$229.99 
Rastelli Market Fresh Jumbo Lump Crab Cakes (20/4 Oz. Per Crab Cake),$199.99 
Rastelli Petite Filet Mignon & Jumbo Lump Crab Cake Surf & Turf,$349.99 
Chicago Steak Premium Angus Beef Surf & Turf,$239.99 
Wild Alaska Snow Crab Meat (Bairdi Crab 8 oz. Pack) 12 Total Packs,$279.99 
Northwest Red King Salmon Portions,$179.99 
Chicago Steak USDA Prime Surf & Turf,$299.99 
Ahi Tuna Mixed Pack,$239.99 
Northwest Fish Wild Alaskan Sockeye Salmon Fillets,$219.99 
Smoked New Zealand King Salmon,$109.99 
Chicago Steak Filet Mignon & Scallop Combo,$249.99 
 Northwest Fish Wild Alaskan Sockeye Salmon Fillets Total 25 Count,$229.99 
A5 Wagyu Surf & Turf Pack,$379.99 
Wild Alaska Halibut Bits & Pieces,$159.99 
Seabear Wild Sockeye & King  Smoked Salmon Fillet Duo,$64.99 
Rastelli Market Fresh Angus Beef Prime Petite Filet Mignons & Wild Caught Maine Lobster Tails,$189.99 
Trident Seafoods Smoked Sockeye Salmon,$59.99 
SeaBear Smoked Salmon Gift Boxes,$79.99 
Grizzly Salmon Tartare with Citrus Marinade,$129.99 
Sesame Crusted Ahi Tuna Steaks,$269.99 
Aysen Coho Sashimi Quality Salmon Portions,$169.99 
Aysen Coho Salmon Filets,$199.99 
Key West Pink 16/20 Gulf Shrimp Headless Shell-On (3/2Lb Per Bag),$119.99 
Whole Cooked Cold Water Lobsters,$259.99 
Northwest Fish Wild Alaskan Cod Loins Total 25 Count,$169.99 
Alaska Black Cod (Sable Fish) - Individual Packed Portions (19-25/6-8 Oz. Per Portion),$269.99 
Lobster Claws & Arms,$199.99 
Coastal Seafood Live Maine Lobsters,$179.99 
Tsar Nicoulai Caviar Sturgeon Pate 6 oz,$59.99 
Cristobal Salted Cod Fillets 2 lbs,$69.97 
Northwest Fish Sablefish Loins,$269.99 
Northwest Fish Halibut Fillets,$249.99 
Northwest Fish U-12 Sea Scallops,$219.99 
American Red Snapper - Whole,$189.99 
Whole Head On,$139.99 
El Rey Del Pulpo,$159.99 
Mahi Mahi Boneless,$249.99 
Tsar Nicoulai Estate Smoked Sturgeon 6 oz,$79.99 
Kirkland Signature Super Extra-Large Peanuts,$8.99 
Kirkland Signature Protein Bars Chocolate Peanut Butter Chunk 2.12 oz,$23.99 
G2G 3-pack Peanut Butter Chocolate Chip Protein Bars 24-count,$39.99 
G2G 3-pack Peanut Butter Coconut Chocolate Protein Bars 24-count,$39.99 
Frito Lay Oven Baked Mix,$16.99 
Old Trapper Beef Jerky,$13.99 
Old Trapper Beef Jerky,$13.99 
Old Trapper Beef Jerky,$13.99 
Kirkland Signature Chewy Protein Bar,$18.99 
Kirkland Signature Protein Bars Chocolate Chip Cookie Dough 2.12 oz.,$23.99 
Simply Protein Crispy Bars,$22.99 
PopCorners Popped Corn Snacks Variety Pack,$16.99 
Simple Mills Almond Flour Sea Salt Crackers,$9.49 
Fit Crunch Whey Protein Bar,$22.99 
Pure Protein Bars,$20.99 
Kirkland Signature Protein Bars Chocolate Brownie  2.12 oz,$23.99 
FITCRUNCH - Costco Next,
Kirkland Signature Protein Bar,$22.99 
G2G 3-pack Peanut Butter & Jelly Protein Bars,$49.99 
Frito Lay Classic Mix,$23.99 
Nature's Garden Organic Trail Mix Snack Packs,$11.49 
RITZ Bits Cracker Sandwiches,$14.99 
Kirkland Signature Nut Bars,$17.99 
Nature Valley Protein Bar,$18.99 
Kirkland Signature Soft & Chewy Granola Bars,$11.99 
Pure Organic Layered Fruit Bars,$11.89 
St Michel Madeleine,$44.99 
Nabisco Cookie & Cracker,$14.99 
Kirkland Signature Cashew Clusters,$10.99 
No Sugar Keto Bar (12 count) 2-pack Chocolate Peanut Butter,$42.99 
Ready Protein Bar,$54.99 
KIND Bar,$17.99 
That's it Mini Fruit Bars,$15.99 
Chef Robert Irvine’s Fitcrunch Chocolate Peanut Butter Whey Protein Bars,$22.99 
Chef Robert Irvine's Fit Crunch Whey Protein Bars,$22.99 
Power Crunch Protein Energy Bar,$17.99 
Shrimp Chips with Garlic and Butter 16 oz 2-pack,$27.99 
Nutter Butter Sandwich Cookies,$12.99 
Paradise Green,$8.99 
Grandma's Cookies,$18.99 
Skinny Pop Popcorn,$17.99 
Clif Bar,$17.99 
Lance Toasty Cracker Sandwiches,$9.99 
Kirkland Signature Snacking Nuts,$16.99 
Planters,$10.69 
Annie's Organic Bunny Snack Pack Baked Crackers and Graham Snacks,$16.99 
Skippy Peanut Butter & Chocolate Fudge Wafer Bar,$13.99 
Kirkland Signature Turkey Jerky,$13.99 
Kirkland Signature Fancy Whole Cashews,$14.99 
Power Crunch Protein Energy Bars,$17.99 
WildRoot's Coastal Berry Trail Mix,$12.99 
SkinnyPop Popcorn,$18.99 
Quaker Rice Crisps,$19.99 
Kirkland Signature Trail Mix Snack Packs,$17.99 
Think Thin High Protein Bar,$24.49 
G2G 3-pack Almond Chocolate Chip Protein Bars,$49.99 
Kirkland Signature Variety Snack Box,$32.99 
Nature Valley Crunchy Granola Bar,$17.99 
Doritos Tortilla Chips,$22.99 
Kirkland Signature Extra Fancy Mixed Nuts,$15.99 
Jack Link's All American Beef Stick,$19.99 
Cheez-It Puff'd Baked Snacks,$19.99 
Doritos Tortilla Chips,$44.99 
Nature Valley Fruit & Nut Chewy Granola Bar,$17.99 
Kirkland Signature,$10.49 
Power Crunch Protein Energy Bar,$17.99 
Savanna Orchards Honey Roasted Nut & Pistachios 30 oz,$38.99 
Power Crunch Protein Energy Bar,$17.99 
Bon Appetit,$13.99 
G2G Protein Bar Variety 3-pack (24 Total Bars),$49.99 
Kirkland Signature Butter Toffee Cashews,$9.99 
Pepperidge Farm Goldfish Snacks,$18.99 
Paradise Green,$11.59 
Kirkland Signature Organic Pine Nuts,$33.99 
Movie Marathon Gourmet Popcorn Gift Set ,$39.99 
Paradise Green Premium Dried Mango Slices,$13.49 
Nature Valley Sweet and Salty Granola Bar,$13.99 
Clif Builder's Protein Bar,$26.99 
Golden Island Pork Snack Bites,$21.99 
Kellogg’s Pop-Tarts,$12.49 
Orville Redenbacher's Original Popping Corn,$15.39 
Frito Lay Classic Mix,$21.99 
Clif Kid ZBar Organic Granola Bar,$24.99 
Knott's Bite Size Cookies,$13.19 
Sonoma Creamery Pepper Jack Crisps,$11.99 
Crunchmaster Multi-Grain Crackers,$12.99 
Kirkland Signature Supreme Whole Almonds,$10.99 
Takis,$18.39 
Kirkland Signature Extra Fancy Mixed Nuts,$16.99 
Kirkland Signature Dry Roasted Macadamia Nuts,$21.99 
Frito-Lay Fun Flavor Mix,$23.99 
Pirate's Booty Aged White Cheddar Snack,$15.99 
Golden Island Korean Barbecue Pork Jerky,$14.99 
Mary Macleod's Gluten Free Shortbread Cookies Mixed Assortment 8-Pack ,$49.99 
Kirkland Signature Walnut Halves,$8.99 
Kellogg’s Pop-Tarts,$12.49 
Sugar Bowl Bakery Mango Cakes,$12.99 
Milano Cookies,$13.99 
Popchips Potato Chips,$16.99 
Nutty & Fruity,$9.99 
Country Archer Grass-Fed Beef Stick Minis,$19.99 
Kirkland Signature In-Shell Pistachios,$15.99 
WildRoots Trail Mix,$13.99 
Wonderful Pistachios,$21.79 
Bobo's PB&Js Oat Sandwich Bar,$18.99 
Kirkland Signature Pecan Halves,$12.99 
Kirkland Signature Shelled Pistachios,$16.99 
Innofoods Organic Almond & Pecan Clusters,$13.99 
Kirkland Signature,$11.99 
Universal Bakery,$7.79 
The Gluten Free Brothers Variety Bites,$24.99 
Kellogg's Rice Krispies Treats,$16.99 
Golden Island Fire Grilled Pork Jerky,$14.99 
SunChips Whole Grain,$21.99 
Chex Mix Muddy Buddies,$18.99 
No Sugar Keto Bar Chocolate Chip Cookie Dough  (12-count) 2-Pack ,$42.99 
Sabritas Peanuts,$11.99 
Chomps Original Beef Sticks,$19.99 
No Sugar Keto Bar Chocolate Mint (12-count) 2-Pack ,$42.99 
Kellogg's Rice Krispie Treats,$12.99 
Sugar Bowl Bakery,$10.99 
Honey Maid Graham Crackers 14.4 oz,$10.99 
Entenmann's Little Bites Chocolate Chip Muffins,$13.99 
Lotus Biscoff Cookies,$10.99 
Black Forest Stretch Island Fruit Strips,$19.99 
Almonds,$17.99 
Jack Link’s Beef Tender Bites,$13.99 
Go Raw Sprouted Organic Pumpkin Seeds with Sea Salt,$12.99 
No Sugar Shellz Dark Chocolatey Caramel Pecan 25-count,$42.99 
Sliced Almonds,$19.99 
Think Jerky Grass Fed Beef Sticks,$29.99 
Sugar Bowl Bakery,$10.49 
Kirkland Signature Trail Mix,$15.99 
Kirkland Signature,$12.99 
Kam Yen Jan Chinese Style Sausage,$15.99 
Made in Nature USDA Organic Dried Mangos 28 oz  3-pack,$64.99 
Nature Valley Biscuits with Almond Butter,$17.99 
Made in Nature Organic Berry Fusion 24 oz,$39.99 
No Sugar Keto Bar (12-count) 2-pack Cookies & Cream,$42.99 
Oreo Cookies Variety Pack,$16.99 
Wonderful Pistachios,$21.99 
Kirkland Signature Premium Extra Thick Steak Strips,$12.99 
Savanna Orchards Gourmet Honey Roasted Nut Mix,$12.99 
Lorna Doone Shortbread Cookies,$12.99 
Chips Ahoy! Cookies,$12.99 
Kind Bar,$23.99 
Newtons Fig Cookies,$12.99 
Tapatio Mixed Nuts,$26.99 
Happy Snacks Animal Crackers,$12.99 
Famous Amos Cookies,$20.99 
Goldfish Baked Snack Crackers,$14.99 
Nature's Bakery Fig Bar,$19.99 
Savanna Honey Roasted Mix Nuts,$42.99 
Nutty & Fruity Spicy Chili Tamarind Bites,$11.99 
Ocean Spray,$7.99 
Nilla Wafers Cookies,$9.49 
Welch’s Juicefuls Juicy Fruit Snacks,$16.99 
Pringles Potato Chips,$36.99 
Bon Appetit,$14.99 
Pepperidge Farm Goldfish Crackers,$14.99 
Sugar Bowl,$10.99 
Universal Bakery Organic Paleo Bars,$15.99 
Dot’s Homestyle Pretzels,$11.99 
Grandma's Sandwich Creme Cookies,$15.99 
Kind Mini Bars,$20.99 
Cracker Jack,$10.99 
Welch’s Fruit Snacks,$15.99 
Takis,$21.99 
Popcornopolis Ultimate Classic Assorted Tall Cones,$109.99 
Blue Diamond Almonds,$11.49 
Kirkland Signature Praline Pecans,$16.99 
Snyder's of Hanover Mini Pretzels,$13.99 
Nonni’s Biscotti,$13.79 
No Sugar Keto Bar (12-count) 2-pack  Chocolate Fudge Brownie,$42.99 
Blue Diamond Almonds Bold,$17.99 
Pringles Potato Chips,$36.99 
Planters,$9.49 
Jack Link's Big Beef Jerky Stick,$16.99 
Kellogg's Club Crackers,$10.69 
Knott's Berry Farm Premium Shortbread Cookies,$12.99 
Jack Link's Beef Jerky,$16.99 
Wheat Thins 100% Whole Grain Crackers,$10.99 
Island Princess Macadamia Popcorn Crunch 24 oz 2-pack,$59.99 
Nabisco Organic Triscuit Crackers,$13.99 
Wonderful In-Shell Pistachio Nuts,$14.99 
Made in Nature USDA Organic Goji Berries 20 oz 2-pack,$39.99 
Ruffles Potato Chips,$49.99 
Kar's Trail Mix,$10.49 
Keebler Bite Size Cookies made with Milk Chocolate M&M's Minis,$11.49 
Lay's Potato Chips,$22.99 
Pacific Gold Original Beef Jerky,$21.99 
Kirkland Signature Fancy Whole Cashews,$14.99 
Jack Link's Beef Jerky,$16.99 
OREO Chocolate Sandwich Cookies,$13.49 
Clif Bar Variety Pack,$28.99 
RITZ Crackers,$13.69 
Kirkland Signature Organic Roasted Seaweed,$11.99 
Pringles Potato Chips,$26.99 
Oreo Chocolate Sandwich Cookies,$11.89 
Cheez-It Crackers,$12.99 
Jack Link's Beef Jerky,$16.99 
Kirkland Signature Organic Whole Cashews,$16.99 
Takis,$62.99 
Made In Nature Organic Calimyrna Figs 40 oz,$49.99 
Sheila G's Brownie Brittle,$10.99 
Made in Nature USDA Organic Dates 40 oz,$32.99 
Amki Sesame Thins,$11.99 
Pecan Pieces,$35.99 
Blue Diamond Almonds,$11.49 
Cheez-It Crackers,$17.99 
Mayorga Organic Chia Seeds,$36.99 
BelVita Breakfast Biscuit,$17.99 
The Worthy Crumb,$14.99 
Jack Link's Beef Jerky,$19.99 
Prevail Variety Grass Fed Beef Jerky 10-pack,$49.99 
Welch's Fruit Snacks,$14.99 
Jack Link's Beef Jerky,$16.99 
Premium Saltine Crackers,$8.49 
Jack Link's Beef Steak Stick,$18.99 
Prevail Original Grass Fed Beef Jerky 10-pack,$49.99 
The Worthy Crumb,$14.99 
The Gluten Free Brothers Variety Bars,$29.99 
Clif Bar,$17.99 
Lance Sandwich Crackers,$9.99 
Nutella & GO! Hazelnut and Cocoa Spread With Breadsticks,$19.99 
Frito Lay Select Mix,$23.99 
Cheez-It Snap'd Crackers,$16.99 
Doritos Tortilla Chips,$44.99 
Glico Pocky,$9.99 
Pringles Grab & Go Potato Crisps,$27.99 
BelVita Breakfast Biscuits,$17.99 
Walnut Pieces,$15.99 
La Dolce Vita Classic Italian Biscotti,$14.99 
Clif Bar,$17.99 
Jack Link's Protein Snack Box,$37.99 
Ritz Crackers,$12.49 
Second Nature Trail Mix,$11.49 
Bobo's Oat Bites,$15.99 
Cheez-It White Cheddar Baked Snack Cracker,$17.99 
Slim Jim Smoked Snack Stick,$28.99 
Lenny & Larry's The Complete Cookie,$17.99 
Pocky Chocolate Biscuit Stick,$9.99 
Loacker Classic Crispy Wafers,$9.49 
Kellogg's Nutri-Grain Bars,$17.99 
Planters Dry Roasted Peanuts,$8.49 
Schwartz Brothers Bakery,$9.99 
Hawaiian Kettle Style Island Variety Potato Chips,$15.99 
Cherry Bay Orchards No-Added-Sugar Dried Montmorency Cherries 8 oz Bag 2-pack,$24.99 
Jack Link's Premium Cuts Beef Steak,$18.99 
Sun-Maid,$12.49 
Hoody's Roasted Unsalted Peanuts 20 lbs,$39.99 
Kirkland Signature Organic Walnuts,$9.99 
Our Heroes' Care Pack ,$56.99 
Around the World 15 oz Spicy Nuts,$59.99 
Tim's Cascade Potato Chips,$15.99 
Snak Club Toasted Corn,$25.99 
Universal Bakery Traditional Aussie Bites,$11.99 
Pacific Gold Beef Jerky,$21.99 
Chex Mix,$18.49 
Frito-Lay Flamin' Hot Mix,$24.99 
Hostess Cinnamon Streusel Coffee Cakes,$11.99 
Le Chic Patissier,$54.99 
Cheetos Crunchy,$22.99 
Frito Lay Bold Mix,$23.99 
Gardetto's Snack Mix,$18.99 
Bon Appetit Pan de Queso Cheese Cakes,$13.99 
JJ's Bakery,$11.99 
Slim Jim Snack Stick,$29.99 
Slim Jim Smoked Snack Stick,$26.99 
Bimbo Mantecaditas Muffins,$11.99 
Utz Pub Crunchy Snack Mix,$10.99 
Cheetos Crunchy,$49.99 
Marinela,$10.49 
JJ's Bakery,$11.99 
Meiji Hello Panda Chocolate Creme Filled Cookies,$11.99 
Hostess Danish with Icing,$17.99 
Genius Gourmet Variety Crispy Protein Treat,$39.99 
ParmCrisps Snack Mix,$17.99 
Cheetos Crunchy,$22.99 
Oberto Thin Style Beef Jerky,$23.99 
David Original Sunflower In-Shell Seeds,$12.49 
Bon Appetit,$16.99 
Savanna Orchards Country Club Mix 30 oz 2-count,$32.99 
Oberto Thin Style Beef Jerky,$23.99 
Honey Mama's Classic Variety Truffle Bars,$49.99 
Honey Mama's Greatest Hits Truffle Bars,$49.99 
Honey Mama's Cocoa Truffle Bars,$49.99 
El Camino Real Bakery Dulce De Leche Delights,$10.99 
Oberto Thin Style Smoked Sausage Stick,$23.99 
Cheetos Crunchy,$49.99 
Sabritas Chile & Limon Mix,$22.99 
Fruit Roll-Ups,$17.49 
Takis,$21.99 
