user_id,search_string
575,orange
2512,onions provolone
494,ham saffron ground beef
3247,mayonnaise
1103,veal
2463,green tea
2261,feta cheese green tea kiwi
2901,spaghetti
88,watermelon chicken pineapple
779,cumin
457,whole wheat bread earl grey tea feta cheese
3171,banana provolone veal
2509,watermelon onions
1611,tea lao gan ma
2666,mushroom pork pepper
1109,provolone onions kiwi
202,sourdough bread tea
133,green tea watermelon
2074,whole wheat bread saffron
1678,cheese green tea
758,spaghetti pork shoulder
1627,orange chicken spaghetti
2440,sourdough bread whole wheat bread kiwi
3103,tea whole wheat bread kiwi
361,ribs
1457,kiwi
3200,banana green tea
3446,white bread
978,apple strawberries
1880,carrots
124,potatoes ground beef onions
1345,radish ketchup
1817,blackberry
2194,soy sauce
3191,yogurt ketchup ham
2842,banana
799,broccoli pepper
605,rice apricot cumin
492,bleu cheese whole wheat bread
556,beef swiss cheese yogurt
3516,bread feta cheese
270,bleu cheese ground beef black tea
3212,pepper
3309,watermelon earl grey tea broccoli
75,white bread
1435,blackberry lamb strawberries
702,provolone linguini kiwi
2867,onions apricot
314,ground beef
2781,mustard
2189,wheat bread paprika
279,orange
1132,penne
1925,mustard garlic ground beef
482,chocolate green tea whole wheat bread
3417,apricot
974,garlic powder cumin
2559,mustard
833,radish potatoes
202,bleu cheese pineapple rice
1040,saffron
946,pork
268,spaghetti carrots onions
2646,banana orange
2043,linguini
1147,cumin
1994,orange pork lao gan ma
3148,mustard
2589,cumin cheese
956,sourdough bread kiwi
573,lamb watermelon
3539,apple provolone potatoes
2492,strawberries onions cumin
3288,pasta ham pork shoulder
1143,watermelon ketchup pork
2153,ground beef
3436,wheat bread provolone pepper
557,ketchup wheat bread garlic
1407,potatoes
2728,whole wheat bread ketchup bleu cheese
663,banana
1556,cherries banana
2121,vinegar cumin mushroom
807,pork shoulder paprika earl grey tea
2452,whole wheat bread
1315,broccoli
2076,banana salt radish
3381,strawberries
2337,chocolate
731,white bread chicken
1281,spaghetti fettuccine
2153,pasta lamb veal
2770,banana tea mayonnaise
3281,ham earl grey tea veal
2782,apple cherries
994,broccoli
1289,saffron orange
1295,strawberries
1824,chocolate onions
655,beef pineapple
1615,spinach pepper
1653,cherries sourdough bread
932,black tea chocolate pork shoulder
166,earl grey tea pork
2106,mustard grapes spinach
3370,gochujang
1272,spinach ribs banana
1054,pepper
626,pasta
1970,salt carrots
2067,blackberry swiss cheese
1392,potatoes
542,penne tea rice
1778,sourdough bread banana garlic
2811,salt cumin
2748,pork shoulder mustard
1172,apple green tea grapes
473,garlic powder
1857,mustard
2308,soy sauce radish
1096,spinach orange gochujang
662,soy sauce chicken sourdough bread
981,provolone ketchup green tea
3247,yogurt garlic
1840,bleu cheese onions lao gan ma
1663,chocolate ribs pasta
3273,watermelon lao gan ma
853,mayonnaise
2636,pork swiss cheese beef
2347,linguini
984,pasta cherries ground beef
1886,vinegar broccoli
2378,mayonnaise ground beef pineapple
1533,black tea
3017,apricot
2255,white bread chicken ham
3183,spinach
3305,white bread bleu cheese chocolate
955,spinach strawberries
1526,ham yogurt watermelon
52,carrots
1809,carrots bread
670,linguini carrots bleu cheese
410,pork shoulder broccoli
1952,onions
2927,provolone
2054,watermelon swiss cheese ribs
2204,veal provolone
3213,veal mayonnaise cumin
737,cumin radish banana
2516,pork shoulder
287,pepper
2171,black tea green tea pineapple
2566,earl grey tea kiwi
3141,strawberries mayonnaise cumin
3290,watermelon apricot
2333,fettuccine pasta
1120,feta cheese
1344,white bread strawberries
124,ground beef sourdough bread blackberry
648,earl grey tea pepper
52,cheese potatoes
1739,pork shoulder
2537,cumin
1970,mustard beef
450,pasta soy sauce tea
696,ham broccoli
170,pepper ketchup
1293,garlic powder onions
1864,carrots
264,broccoli
791,pineapple gochujang
2648,radish pork
1259,cheese ground beef feta cheese
1105,chicken grapes
2286,vinegar mayonnaise
581,kiwi
1600,blackberry
3321,gochujang tea
1486,chocolate apple salt
3316,whole wheat bread fettuccine
2093,ketchup orange
868,feta cheese
1273,cumin
117,broccoli pasta
1434,broccoli
2614,black tea
1443,carrots mushroom
1061,chocolate cherries soy sauce
2522,swiss cheese kiwi
471,spinach watermelon
552,lao gan ma
1208,chocolate
3012,ground beef bleu cheese pork
2521,cheese
1249,garlic pasta chocolate
915,radish
867,mushroom
1309,spinach black tea
286,mayonnaise chocolate banana
2390,garlic powder penne
1202,broccoli
1713,lao gan ma
6,bleu cheese orange swiss cheese
2598,wheat bread gochujang rice
1690,swiss cheese spinach gochujang
2105,onions
1315,apricot veal
650,banana
3097,ribs cherries salt
2276,white bread pork shoulder mayonnaise
521,linguini veal
2772,apricot white bread blackberry
2376,orange chicken earl grey tea
3280,potatoes strawberries ground beef
1724,garlic powder white bread strawberries
1503,earl grey tea
2042,paprika ground beef potatoes
869,linguini
3146,strawberries
1210,linguini
2975,veal pepper
1091,feta cheese broccoli
1117,lao gan ma saffron
1501,pepper blackberry
1151,ground beef black tea veal
3253,pineapple pasta
3048,gochujang
3315,strawberries wheat bread carrots
975,cherries
2903,ham grapes
3345,rice pepper
2659,ribs whole wheat bread
3191,grapes salt
1449,broccoli wheat bread
1222,pork green tea mushroom
3283,linguini swiss cheese ribs
2206,ribs linguini
3488,black tea garlic pineapple
994,pork shoulder wheat bread
509,bread black tea chicken
2895,strawberries pork shoulder black tea
74,cheese ground beef gochujang
3098,cumin gochujang tea
147,swiss cheese earl grey tea
1147,apple paprika
1021,ground beef rice
879,potatoes
744,ground beef
882,whole wheat bread
1078,pork shoulder
365,grapes
3096,pineapple vinegar linguini
3073,white bread swiss cheese spinach
2336,white bread
315,white bread broccoli paprika
2210,apricot paprika
1603,ketchup black tea
380,apricot paprika grapes
2915,sourdough bread
2114,sourdough bread
2050,provolone mayonnaise strawberries
2364,beef
1157,pork
1842,salt banana
2269,ground beef potatoes
925,ground beef fettuccine
1635,pork cherries chicken
931,beef
1179,blackberry radish mushroom
2567,cheese saffron spinach
1654,whole wheat bread radish
3058,whole wheat bread white bread
381,bread spinach ham
3217,ribs green tea mustard
1198,carrots
2061,orange broccoli spaghetti
2143,yogurt pasta penne
949,grapes gochujang
89,chicken earl grey tea
1104,strawberries carrots
3378,pork ribs chicken
2304,garlic powder blackberry lamb
2996,soy sauce
1042,apricot potatoes chicken
1638,strawberries
2324,soy sauce saffron wheat bread
3007,grapes yogurt salt
1356,radish vinegar chicken
2931,onions radish cheese
554,ketchup lao gan ma linguini
2876,chocolate gochujang vinegar
2494,green tea
1965,wheat bread
1700,penne
1747,provolone kiwi tea
703,white bread broccoli
915,green tea bleu cheese
1648,sourdough bread ribs
1023,chicken sourdough bread whole wheat bread
3281,tea mayonnaise black tea
1687,feta cheese
1977,provolone
2861,garlic mayonnaise
3480,bread soy sauce
3270,orange green tea fettuccine
1037,penne garlic powder
2217,cherries
365,provolone cherries veal
2125,garlic powder mushroom
3486,kiwi garlic powder sourdough bread
3438,cumin
1393,banana beef
2854,swiss cheese tea cherries
1959,chocolate
3401,apricot carrots
2596,soy sauce carrots apricot
932,white bread ham
2245,grapes whole wheat bread green tea
370,watermelon orange
1777,yogurt bread
1501,garlic beef apricot
1698,bleu cheese paprika carrots
3451,onions earl grey tea white bread
1050,whole wheat bread veal radish
1488,spinach cheese ham
1819,broccoli
1830,ham potatoes vinegar
1146,strawberries ketchup
3530,earl grey tea wheat bread white bread
841,green tea
3103,carrots
2306,carrots orange watermelon
1529,pork shoulder
110,swiss cheese broccoli
2925,banana cherries feta cheese
2788,mustard garlic powder
2435,garlic cumin blackberry
636,lao gan ma strawberries
1196,apple swiss cheese strawberries
3164,blackberry cherries chocolate
1648,blackberry cheese ham
2676,fettuccine
3218,yogurt
3496,green tea bread
416,pepper grapes sourdough bread
2339,orange
2781,wheat bread
1278,apple
547,saffron soy sauce
2774,ground beef
77,provolone watermelon beef
1856,rice bleu cheese spaghetti
192,ketchup
88,bleu cheese wheat bread
2512,ground beef cherries
1834,banana swiss cheese carrots
3225,gochujang
3499,blackberry vinegar
3385,carrots earl grey tea
3506,saffron bread
2625,whole wheat bread white bread watermelon
1384,mustard mayonnaise carrots
1575,apricot
1326,salt mayonnaise
566,ketchup
46,white bread chicken
2495,garlic powder
223,ketchup potatoes
3248,lao gan ma
639,provolone paprika chocolate
1057,bleu cheese
1053,pork shoulder black tea
3081,mustard feta cheese
388,black tea
2772,veal
1772,green tea soy sauce pork
630,spinach
2992,feta cheese
2868,whole wheat bread
488,ground beef linguini lamb
2801,pork mushroom bleu cheese
2346,sourdough bread gochujang garlic powder
2131,saffron grapes apricot
2280,spinach
1397,tea swiss cheese carrots
2885,apple grapes sourdough bread
284,blackberry
2076,spaghetti wheat bread
557,chicken pork bread
1009,ketchup pepper radish
2012,wheat bread
3277,provolone broccoli
3162,orange
326,broccoli ham
1188,mustard
2873,mushroom vinegar ribs
1281,garlic powder
1800,wheat bread
3171,kiwi
1399,pepper
1954,pasta
2595,whole wheat bread
1724,ribs pork shoulder banana
2645,spaghetti
1707,garlic pasta
576,vinegar
1586,ribs banana green tea
16,lao gan ma
1162,mushroom pasta
2929,lao gan ma
2794,ketchup
3208,saffron white bread
1897,linguini fettuccine soy sauce
1871,mayonnaise pork shoulder bleu cheese
710,veal
1493,radish banana
2186,ribs
850,ham orange
2298,earl grey tea strawberries
485,apricot spinach fettuccine
2431,kiwi ketchup grapes
2641,black tea mayonnaise ham
3334,sourdough bread grapes soy sauce
1291,salt
1484,cheese pasta
2738,cumin veal earl grey tea
1161,swiss cheese apple whole wheat bread
1908,cheese lao gan ma
1850,salt banana
1685,gochujang ketchup ribs
2116,kiwi
3400,earl grey tea
2287,saffron kiwi
2632,mushroom bleu cheese
2244,radish
395,pepper pork shoulder
1567,broccoli ketchup provolone
1068,tea pepper
947,chocolate feta cheese
737,cherries
3097,paprika
1460,lao gan ma onions
2750,carrots earl grey tea
1350,onions beef
376,broccoli pork shoulder strawberries
2698,tea
1249,gochujang
2498,penne
2354,lao gan ma yogurt
1191,cherries orange radish
684,soy sauce
1804,ground beef
1655,chocolate apricot paprika
3246,kiwi bleu cheese wheat bread
2666,sourdough bread
558,pork watermelon black tea
2011,radish broccoli ribs
1458,spinach
424,ham
1559,broccoli orange
1657,mayonnaise green tea
2406,linguini garlic
1729,pork swiss cheese
1340,blackberry
1759,chocolate
2563,white bread saffron
1861,onions radish
2238,cumin garlic
1388,penne
2884,pineapple
1257,garlic
3031,penne potatoes salt
1088,chicken yogurt
1829,pork paprika bleu cheese
1042,radish
2196,feta cheese bread wheat bread
350,ground beef radish gochujang
2592,onions yogurt banana
2561,white bread apricot
80,green tea apricot
1345,paprika
2691,wheat bread
2924,pineapple feta cheese garlic powder
503,linguini paprika broccoli
1741,watermelon green tea
2730,broccoli kiwi pineapple
2825,beef ham swiss cheese
113,saffron
1505,kiwi
69,lamb yogurt ketchup
3516,cheese
1989,pineapple swiss cheese penne
3546,provolone cumin
422,tea mushroom
2374,lamb saffron carrots
745,tea potatoes beef
1563,fettuccine
1959,ground beef saffron
1513,potatoes apple pasta
1129,black tea pork shoulder rice
57,fettuccine
610,fettuccine green tea mayonnaise
2985,watermelon strawberries veal
1015,white bread ground beef orange
1539,apricot rice
813,spinach potatoes pork shoulder
34,earl grey tea ketchup mayonnaise
1179,grapes spaghetti
1668,penne black tea linguini
2669,gochujang sourdough bread fettuccine
2851,apple
227,bread gochujang white bread
3123,broccoli apricot
2567,bread
3180,mayonnaise
207,provolone pork shoulder
2487,swiss cheese mustard blackberry
3535,bleu cheese apple paprika
2335,veal
953,fettuccine
1695,ribs
3297,green tea
1855,onions
272,banana
1319,orange whole wheat bread onions
1408,potatoes
2301,kiwi chocolate
466,green tea
289,pork radish pepper
3285,garlic powder
67,feta cheese pasta
624,pepper paprika
3349,saffron tea sourdough bread
1886,ham
2559,provolone earl grey tea
681,saffron tea black tea
1753,cheese green tea
1895,yogurt kiwi grapes
1821,bread pineapple
3290,sourdough bread watermelon pork
1786,ham
2219,feta cheese radish
2274,pork shoulder whole wheat bread
2705,green tea
2763,wheat bread
1584,beef broccoli
3177,cheese grapes
12,pineapple provolone
569,strawberries blackberry
1726,mustard
337,apricot spinach strawberries
1772,apricot ribs swiss cheese
1194,rice pork shoulder green tea
2371,penne beef
1296,pork cumin blackberry
2294,lao gan ma beef ground beef
3,kiwi veal
2630,bleu cheese ketchup
1542,yogurt
635,kiwi onions earl grey tea
1682,radish
3344,pineapple pork veal
1859,linguini
2599,ribs vinegar
1545,provolone ground beef
3054,chicken mustard beef
152,wheat bread cherries
2010,carrots wheat bread
713,blackberry
780,mushroom beef
2665,saffron beef
2450,banana
2262,black tea garlic powder ground beef
1956,cumin apple green tea
3137,cumin chicken
2226,tea beef linguini
1929,wheat bread swiss cheese
1569,pork saffron pasta
3160,yogurt
2748,apricot
2637,apricot chocolate vinegar
2674,ham
739,watermelon swiss cheese banana
2842,swiss cheese
877,ground beef pepper earl grey tea
2815,garlic
183,banana whole wheat bread
2247,cumin
2616,broccoli
1910,veal cheese
676,penne
1898,cherries
2373,carrots apricot pork shoulder
2664,broccoli lao gan ma
1037,mayonnaise ketchup
2863,ham pepper green tea
1874,provolone
1764,potatoes vinegar
767,pepper penne
349,veal rice strawberries
2561,earl grey tea broccoli pineapple
2489,carrots
956,pepper wheat bread cheese
1278,spinach fettuccine
3103,ketchup
1683,kiwi chocolate
2690,feta cheese spinach radish
3175,garlic powder
58,pineapple yogurt gochujang
2475,white bread spaghetti
2397,paprika
642,black tea grapes white bread
406,paprika apricot tea
171,soy sauce chocolate chicken
3460,potatoes whole wheat bread spaghetti
339,carrots
2254,penne kiwi spaghetti
3521,blackberry
1910,spinach
2194,penne
1510,pasta spaghetti pork
629,garlic powder carrots
721,mayonnaise
3347,pork rice penne
2069,pork
2597,ketchup
2453,ham
1566,ribs
2504,watermelon pork
2393,potatoes mayonnaise
1893,apple cheese salt
2488,black tea
3011,chicken strawberries tea
3070,pasta
2098,paprika pork shoulder garlic
1161,saffron wheat bread
2792,apple
269,apple bleu cheese black tea
3106,feta cheese pork veal
2662,feta cheese sourdough bread spinach
1870,linguini grapes penne
690,mustard fettuccine feta cheese
612,mushroom
645,wheat bread
1302,mustard onions linguini
2116,salt
534,ketchup soy sauce lao gan ma
1983,banana ribs
3084,broccoli chocolate blackberry
3078,tea
1028,yogurt cheese paprika
2119,penne vinegar feta cheese
432,provolone
1962,earl grey tea
947,paprika fettuccine pineapple
2082,cherries
1741,sourdough bread
681,rice ribs
784,chicken penne orange
3127,spaghetti ribs soy sauce
152,rice linguini earl grey tea
1544,strawberries garlic powder chocolate
451,feta cheese
2013,saffron
1997,chicken whole wheat bread
696,saffron
297,chocolate mustard
3018,lao gan ma cherries tea
2280,garlic powder strawberries
3190,rice lao gan ma black tea
837,beef garlic powder
2416,provolone
2396,mustard
2069,chicken spinach apricot
1171,beef onions vinegar
1665,ribs pepper ground beef
605,lamb
73,swiss cheese chicken
3443,whole wheat bread cheese mayonnaise
1253,cherries lamb
22,pineapple bleu cheese rice
1124,black tea watermelon carrots
202,spinach
594,white bread pork shoulder mustard
2178,lamb apricot
411,cheese provolone mayonnaise
2581,banana mayonnaise pepper
3332,mayonnaise chocolate
3516,black tea mustard onions
790,apricot penne yogurt
640,mushroom pineapple
1830,orange watermelon sourdough bread
883,potatoes
2015,ketchup
2630,earl grey tea
2737,cherries bleu cheese
628,paprika potatoes
251,wheat bread penne cumin
2374,chocolate pork mushroom
2787,blackberry
2192,radish
2319,ham
623,onions vinegar
410,saffron
3326,sourdough bread radish
2439,kiwi pork shoulder
254,ribs
2105,vinegar yogurt linguini
3353,white bread cumin
489,kiwi pork pineapple
1787,strawberries provolone banana
182,wheat bread soy sauce paprika
299,orange mushroom ham
3499,radish chocolate
835,tea garlic powder
3542,apricot gochujang kiwi
1150,beef
2488,saffron cumin
2010,fettuccine garlic powder
3409,bleu cheese
1260,whole wheat bread vinegar yogurt
3192,apple strawberries
2413,whole wheat bread
650,beef cheese ham
1976,sourdough bread
3007,ground beef chicken pasta
2349,cumin pork shoulder watermelon
692,pepper radish ham
3384,cheese pasta
252,ketchup
2501,broccoli
3364,pepper pasta salt
331,salt chocolate sourdough bread
1976,pork
487,ground beef
950,garlic blackberry lao gan ma
3165,swiss cheese lao gan ma
122,garlic apricot provolone
335,penne garlic
3318,pork
1309,grapes cheese
1596,soy sauce mayonnaise onions
2388,soy sauce
3062,sourdough bread cherries
1984,ribs
145,saffron watermelon
2973,black tea rice saffron
346,spaghetti earl grey tea garlic powder
1030,onions salt ground beef
623,chocolate cherries
252,apple
681,strawberries rice
778,lamb paprika salt
2495,apricot
936,swiss cheese apricot
3310,apple
146,swiss cheese
1678,tea rice
370,fettuccine
1800,mustard
3067,whole wheat bread onions
714,radish
2398,beef bread gochujang
1844,beef lao gan ma spaghetti
482,mustard
1975,feta cheese lamb
1743,feta cheese banana
2416,apple spinach lamb
1265,ribs
1605,banana pepper
734,swiss cheese yogurt carrots
2012,vinegar chocolate
3195,strawberries ham
3011,penne black tea
2213,pork shoulder
2932,mustard cumin pasta
795,ground beef lamb saffron
3178,strawberries tea paprika
3287,ribs
2619,gochujang spinach
1922,spinach vinegar grapes
1995,gochujang spinach
1949,salt
2851,veal bleu cheese cumin
1579,paprika spinach
3384,watermelon
998,swiss cheese garlic onions
3236,kiwi
2490,linguini
778,spinach linguini
3438,ham veal
2087,wheat bread swiss cheese
2482,fettuccine
3394,beef black tea watermelon
1525,pork pineapple ground beef
2374,garlic powder banana provolone
1593,yogurt pepper
499,ribs carrots garlic
744,paprika apricot potatoes
3320,paprika penne
1165,garlic powder bread spinach
1067,blackberry bleu cheese sourdough bread
2994,wheat bread ham
184,swiss cheese
3402,yogurt linguini wheat bread
828,mustard
7,garlic
3542,mushroom
161,veal pasta green tea
3072,potatoes swiss cheese veal
1762,chicken
2337,cumin
2314,provolone vinegar
2136,rice mustard
2417,ketchup cumin green tea
1048,carrots
3086,bleu cheese
330,lao gan ma
3174,chicken saffron
811,mustard apricot
608,provolone green tea
1552,garlic lamb chocolate
2452,beef sourdough bread
208,pasta
2721,blackberry onions sourdough bread
1805,onions salt penne
2094,wheat bread spinach ground beef
1411,garlic bleu cheese
2629,spaghetti yogurt
1230,mayonnaise fettuccine
3174,lamb pasta
3474,broccoli pork shoulder
134,mustard earl grey tea
950,mushroom lamb
2314,rice
2459,provolone lao gan ma
105,ribs
1595,watermelon
3086,apple spinach ground beef
3053,chicken lamb garlic
702,beef
2271,whole wheat bread feta cheese
1946,salt ground beef bleu cheese
2251,linguini pasta
2710,vinegar ground beef
1731,potatoes penne fettuccine
1046,salt sourdough bread rice
2253,ketchup bread
684,pasta banana mayonnaise
2327,orange apricot
1376,linguini carrots
2002,carrots
2399,veal
1372,beef wheat bread grapes
340,swiss cheese radish
3497,apple wheat bread
3125,soy sauce lamb
3044,gochujang garlic
391,beef lamb cumin
2121,watermelon linguini
3478,carrots
3123,beef banana pork shoulder
969,tea vinegar
2865,pork carrots
1841,apricot earl grey tea
86,onions
1360,ground beef penne
2471,pineapple green tea
2266,gochujang ground beef
2457,veal
566,blackberry cherries
3277,wheat bread paprika garlic
2760,pineapple
2788,ketchup
1431,wheat bread spinach potatoes
1846,cherries cumin
915,chocolate grapes soy sauce
1875,lao gan ma pepper
141,saffron
2633,chicken beef
572,radish spaghetti mustard
1211,cherries spaghetti garlic
1975,chocolate ham
1100,wheat bread black tea cherries
171,saffron mayonnaise pork shoulder
3261,spaghetti
854,paprika apricot
2719,grapes paprika
1298,green tea pineapple
3299,green tea saffron
1604,earl grey tea watermelon
2240,apricot strawberries pasta
1116,radish mustard
928,garlic cheese
1981,feta cheese
2787,feta cheese
2376,garlic powder
2900,bleu cheese ribs carrots
387,saffron spinach green tea
2063,chicken mushroom
3409,rice onions
122,cherries
522,cheese paprika
1890,grapes ketchup
2602,watermelon
997,chocolate
446,lao gan ma potatoes
271,paprika
1115,kiwi pork shoulder
1302,onions wheat bread
1743,radish
3111,pineapple
410,pepper mayonnaise fettuccine
661,onions
2044,ham provolone
2495,beef vinegar
2471,mustard broccoli
353,soy sauce grapes
2836,veal green tea
2528,provolone kiwi mustard
2723,pepper
2361,banana
1808,pineapple grapes
836,bleu cheese mustard
2252,broccoli
769,provolone white bread grapes
2444,blackberry
2232,ribs apricot
3534,bleu cheese spaghetti kiwi
2335,potatoes
3405,watermelon bleu cheese black tea
3463,broccoli pineapple mayonnaise
1621,bread yogurt
2067,broccoli
1692,apricot cherries
2300,broccoli chocolate
921,orange
1481,cumin apricot gochujang
1967,cheese blackberry broccoli
6,soy sauce chicken
209,mayonnaise veal
1902,grapes paprika
3082,gochujang
1760,radish gochujang wheat bread
2997,kiwi linguini
680,broccoli
1205,orange swiss cheese blackberry
2919,garlic
1203,linguini saffron
1128,paprika
265,linguini blackberry paprika
636,tea
2252,garlic powder whole wheat bread
1247,tea
2310,soy sauce pepper
711,spaghetti radish
3054,gochujang
2349,radish linguini
2950,penne ground beef watermelon
3496,apricot
731,pork shoulder
1731,onions chocolate mayonnaise
581,salt
2225,broccoli
3530,ribs spinach beef
826,pineapple black tea pepper
1672,bleu cheese
1035,spaghetti cumin
1508,feta cheese banana
1902,grapes garlic powder ham
1204,strawberries paprika potatoes
1757,garlic ground beef
886,earl grey tea ground beef feta cheese
1714,pork shoulder soy sauce
414,black tea banana
3514,black tea
1490,kiwi banana bread
380,mayonnaise
585,lamb chicken
2390,tea pasta
1817,veal
1869,radish kiwi
2695,garlic powder strawberries
3428,bleu cheese swiss cheese
2024,onions kiwi
3262,pineapple
1578,yogurt mustard
1185,feta cheese
1815,green tea
848,veal
993,veal
322,broccoli
3459,sourdough bread mushroom soy sauce
3126,radish mustard garlic
1259,bread tea
234,tea
2506,black tea whole wheat bread
2171,pineapple bread
827,kiwi carrots
2195,cherries ketchup
1356,soy sauce sourdough bread
3495,pork provolone radish
65,blackberry pork shoulder
1453,fettuccine
3115,garlic mustard earl grey tea
2229,pork yogurt ground beef
2939,strawberries wheat bread paprika
362,banana
1230,gochujang cumin radish
2543,sourdough bread
804,lamb white bread whole wheat bread
3093,garlic pineapple blackberry
1071,potatoes
3342,radish sourdough bread
1097,apple
1624,green tea apricot
1734,gochujang cherries radish
2784,feta cheese strawberries bread
2320,black tea veal
1848,fettuccine pork shoulder bread
2651,bleu cheese
3247,soy sauce broccoli
1298,lao gan ma
1747,cumin
2726,wheat bread sourdough bread apricot
1867,chicken mustard
1929,grapes
2229,bread provolone
2349,gochujang saffron
700,green tea
2361,paprika pork shoulder strawberries
591,pasta
457,gochujang apple
3477,yogurt saffron
699,yogurt strawberries sourdough bread
2221,fettuccine pork shoulder swiss cheese
2737,paprika
1080,potatoes chocolate
2148,pepper
3181,provolone swiss cheese
2482,spaghetti potatoes chocolate
407,green tea mustard
1855,apple penne pineapple
3324,mustard
668,earl grey tea
2087,ground beef
1786,rice
1184,vinegar
1287,fettuccine
1088,cheese potatoes watermelon
1833,ketchup tea mayonnaise
45,chicken veal mustard
2257,veal bread
3112,rice
1010,bleu cheese spaghetti pork
3454,chocolate
1844,whole wheat bread cherries cumin
1044,rice ham banana
1058,ribs spaghetti yogurt
2509,kiwi
1515,lamb earl grey tea
739,kiwi chocolate blackberry
581,feta cheese mustard
3543,strawberries pork shoulder ham
121,penne
916,paprika penne
74,bread
1186,paprika
1832,provolone pork
506,ham
429,onions apple wheat bread
140,apricot apple ribs
891,salt black tea
3180,pork
1457,mustard cheese
805,potatoes swiss cheese
1988,black tea lao gan ma mayonnaise
1261,feta cheese chocolate vinegar
3493,green tea grapes
2584,lamb bread rice
1482,cheese cumin spinach
860,vinegar tea kiwi
3140,spinach fettuccine
3142,rice cherries
2961,potatoes
2340,linguini ground beef blackberry
1535,ham veal
380,fettuccine
2808,vinegar
2397,onions whole wheat bread bleu cheese
1905,paprika black tea
2835,green tea
2060,kiwi salt soy sauce
581,mustard pork shoulder
2727,cheese pepper mustard
1692,bleu cheese spaghetti mushroom
2974,vinegar orange
1640,feta cheese
1196,orange carrots banana
386,cheese linguini
2370,apricot penne black tea
2303,earl grey tea
2640,spaghetti
3350,cherries
1985,mushroom earl grey tea
1097,orange lao gan ma spinach
594,beef cherries
3136,cherries cumin blackberry
793,chicken
1947,apple wheat bread cherries
1619,apricot
890,pineapple carrots
1579,apricot pork ground beef
1584,bread potatoes linguini
1881,garlic powder
2732,white bread gochujang carrots
2192,strawberries apple spaghetti
2501,chicken garlic powder
2703,broccoli
2534,kiwi soy sauce
5,whole wheat bread vinegar strawberries
3511,cherries ketchup
34,garlic radish
3122,ham bleu cheese cumin
2645,cumin fettuccine
56,grapes green tea
1805,cheese beef
2455,linguini
2915,mayonnaise spinach chocolate
619,penne
1086,garlic powder kiwi radish
1555,radish veal whole wheat bread
3277,grapes ground beef
83,garlic powder kiwi rice
1358,saffron tea
2703,lamb ketchup green tea
3205,mustard veal whole wheat bread
2095,soy sauce rice
2214,cherries black tea beef
3185,cherries
522,swiss cheese
2781,banana cumin cheese
1803,lamb veal
3532,paprika bleu cheese
364,pineapple
1937,white bread salt
160,garlic powder
3008,pepper
1950,vinegar cumin veal
1742,strawberries
2595,ham banana
1769,ribs chocolate lao gan ma
2948,pepper
2680,pork
2841,ground beef
440,pasta grapes black tea
1800,white bread
239,penne paprika feta cheese
2512,swiss cheese pork shoulder bread
1863,yogurt spinach watermelon
2223,apricot
2712,rice
2441,apricot feta cheese
2641,broccoli
203,mayonnaise mushroom tea
1361,pork green tea apricot
1123,feta cheese penne mustard
215,feta cheese
2054,potatoes
1946,chocolate carrots apricot
3103,gochujang pork shoulder veal
1795,beef carrots lao gan ma
2826,provolone orange
1451,spaghetti
1501,ham tea rice
3494,fettuccine
3224,mayonnaise radish salt
537,salt linguini potatoes
3230,pork shoulder
2813,strawberries
262,lao gan ma apricot watermelon
3340,lamb
1438,feta cheese provolone
1874,rice apricot linguini
3323,chicken veal
2528,swiss cheese garlic powder feta cheese
2042,blackberry potatoes
2321,cheese white bread green tea
1961,ketchup earl grey tea
504,pasta spaghetti garlic powder
3454,beef provolone bleu cheese
736,green tea veal
1934,bleu cheese
994,mushroom mustard
1103,yogurt
239,cheese chocolate
673,salt apricot
1804,garlic
3520,spaghetti grapes green tea
597,carrots lamb
1762,gochujang rice
2069,lamb black tea spaghetti
2907,salt earl grey tea lamb
2784,carrots apple
2535,bleu cheese
1967,onions ground beef
808,lao gan ma lamb salt
1955,ketchup
2371,provolone grapes tea
2306,spaghetti apricot
1091,salt ribs vinegar
1458,watermelon
2338,veal apricot
2370,ribs
3411,veal black tea bread
281,black tea pasta veal
3198,kiwi
975,ground beef saffron
2490,carrots spinach
2524,beef vinegar white bread
2591,earl grey tea swiss cheese bread
45,cheese earl grey tea
2842,rice watermelon penne
1014,veal rice swiss cheese
1171,whole wheat bread
1764,radish
377,blackberry provolone garlic
2914,potatoes
1131,ketchup watermelon potatoes
220,feta cheese orange blackberry
1229,cumin tea
183,earl grey tea
2823,paprika
1359,green tea garlic powder
3157,watermelon penne ribs
2752,pasta spaghetti
3102,ground beef
3110,ribs
3515,broccoli
2671,banana
3386,swiss cheese strawberries
1576,rice banana ham
1017,cumin
2576,chocolate cumin
2570,spinach
1208,feta cheese saffron
684,soy sauce
306,bleu cheese whole wheat bread orange
3265,soy sauce ground beef
2951,beef chicken fettuccine
2396,bleu cheese kiwi provolone
1587,onions kiwi
1800,kiwi onions strawberries
3370,pineapple garlic
809,mayonnaise
1234,whole wheat bread linguini cherries
3388,ham radish
1350,vinegar apricot
3290,feta cheese
2810,rice ribs vinegar
324,bread pineapple
780,carrots
779,wheat bread rice yogurt
1749,yogurt pork
908,lamb
582,mushroom
2332,kiwi pork
2648,apricot
2642,lao gan ma veal penne
2627,chocolate
1145,blackberry cheese
897,strawberries broccoli lamb
3002,feta cheese grapes salt
1427,pasta
955,pineapple bread potatoes
2132,garlic powder cheese
901,spinach wheat bread banana
2842,carrots apple
3547,linguini mayonnaise pineapple
2654,pork orange
948,ground beef tea
338,bread mustard
716,white bread apple
629,onions
2391,linguini vinegar
466,bread
311,ribs swiss cheese cumin
2270,gochujang green tea pineapple
846,ribs
3264,radish orange pineapple
166,paprika
1258,salt yogurt
928,linguini
1969,garlic powder ham broccoli
620,spinach beef white bread
1318,linguini potatoes
166,broccoli
186,onions fettuccine
3273,beef ham potatoes
3383,cheese orange
530,whole wheat bread
2742,pork shoulder soy sauce
3361,yogurt ham whole wheat bread
1663,penne veal pepper
1882,apricot black tea sourdough bread
2427,watermelon chocolate
207,ribs
2480,bread bleu cheese
3089,paprika veal
3467,carrots yogurt white bread
266,ribs earl grey tea pasta
2934,cumin garlic ham
3114,green tea kiwi ribs
3045,ribs
2322,garlic powder provolone
3132,fettuccine mayonnaise grapes
2367,banana soy sauce
3278,apricot
1201,garlic powder potatoes yogurt
3267,banana
2883,beef linguini vinegar
1406,lamb feta cheese paprika
2468,feta cheese paprika
2766,wheat bread chocolate cheese
1831,blackberry whole wheat bread
94,earl grey tea linguini bread
1293,beef ketchup
3116,orange
1990,apricot
51,wheat bread
1867,tea
1024,blackberry chicken
3147,salt rice beef
2439,carrots
2211,swiss cheese radish
1478,cheese pineapple lao gan ma
331,yogurt apricot pork shoulder
3526,ketchup
452,green tea
468,yogurt pepper
571,green tea ham rice
1685,beef pineapple
166,veal
2051,paprika lao gan ma
2621,earl grey tea cumin whole wheat bread
3246,ground beef feta cheese
2510,linguini soy sauce green tea
500,kiwi lamb
3388,cumin
2336,linguini white bread soy sauce
817,ground beef pasta wheat bread
808,cheese banana radish
2301,sourdough bread
1836,cumin paprika saffron
1174,lao gan ma cumin pineapple
496,pork lamb
2441,banana chicken
1995,bread black tea salt
1845,earl grey tea carrots
994,green tea sourdough bread yogurt
3361,pork broccoli pineapple
2812,ketchup yogurt
2500,pepper
496,garlic orange
1064,mayonnaise salt fettuccine
1650,fettuccine
2764,lao gan ma mayonnaise
537,orange rice garlic powder
3222,earl grey tea orange garlic
1177,pork shoulder
1152,cherries pasta beef
1129,apple sourdough bread
2399,rice green tea bleu cheese
1444,earl grey tea rice strawberries
2214,green tea
2701,veal
13,veal
1286,fettuccine earl grey tea mayonnaise
449,grapes chocolate rice
425,veal green tea
3332,beef
99,apple soy sauce watermelon
1390,veal
432,cherries tea garlic powder
1468,apricot strawberries
971,saffron ham
950,paprika chicken
2412,earl grey tea
2911,sourdough bread
1851,tea paprika
3217,apple
497,green tea cumin pepper
2765,vinegar
2996,pineapple bread
2276,spaghetti
1017,sourdough bread yogurt ketchup
1451,mayonnaise
1373,blackberry
2023,ketchup
691,mustard pork shoulder radish
1175,apricot
2237,wheat bread
322,cheese strawberries
1274,vinegar
2225,fettuccine wheat bread
246,lamb
3339,kiwi broccoli garlic powder
1337,cumin carrots
1621,pasta apricot
3300,paprika
1600,radish
2435,feta cheese provolone
2120,beef linguini soy sauce
176,linguini kiwi
462,spinach yogurt wheat bread
2166,banana
2955,penne yogurt
2884,pork watermelon cherries
2946,mustard
2170,spinach
556,yogurt garlic powder
1446,apricot blackberry
2979,rice
2187,spaghetti feta cheese
2394,earl grey tea orange
931,earl grey tea
1487,salt
1228,swiss cheese
2485,wheat bread garlic powder cumin
2433,radish beef
3142,chicken potatoes
1683,gochujang chicken onions
2842,radish cheese
2739,rice
1997,ketchup
3343,bleu cheese vinegar
2135,rice paprika lao gan ma
418,chocolate tea paprika
1751,grapes kiwi
991,mushroom vinegar
13,garlic
1014,cherries
2414,kiwi pasta
3183,whole wheat bread mayonnaise linguini
2643,pineapple
1913,pork
2637,pepper watermelon mayonnaise
619,saffron rice
518,pork apricot
2569,mayonnaise
2198,fettuccine
206,yogurt
3382,ribs wheat bread
3048,garlic powder broccoli
2227,radish grapes
59,apple chocolate strawberries
2275,ham black tea
324,potatoes
984,garlic carrots
1873,bleu cheese blackberry
3298,penne garlic cheese
1788,yogurt
2128,soy sauce ketchup
1790,orange pepper
735,ham ketchup kiwi
3351,green tea
16,bleu cheese earl grey tea
2078,pepper yogurt
1426,garlic powder
2938,white bread ribs
1495,pepper
1871,onions
694,gochujang blackberry mustard
394,sourdough bread watermelon spaghetti
2395,penne
8,vinegar
558,strawberries white bread
2659,rice garlic earl grey tea
3378,rice bleu cheese
2547,gochujang mayonnaise pepper
2383,grapes swiss cheese
1984,orange white bread pineapple
41,yogurt mushroom
300,bleu cheese
3122,penne watermelon bleu cheese
3417,vinegar green tea
3182,vinegar apricot feta cheese
2656,apricot tea lao gan ma
2636,veal
3291,penne mushroom
644,cheese ketchup sourdough bread
3313,banana ham
3063,saffron spinach
829,mayonnaise
1002,vinegar broccoli white bread
932,potatoes
798,bread paprika sourdough bread
3353,whole wheat bread
2249,fettuccine
2617,ketchup
1669,lao gan ma pasta
2263,cumin
3424,yogurt
337,earl grey tea carrots
2755,chocolate
2243,white bread ham
1548,mushroom orange fettuccine
2246,green tea earl grey tea spaghetti
3233,apple
2309,spaghetti
575,veal pineapple
2979,cherries pork shoulder
857,apricot provolone
2621,broccoli
1811,pineapple earl grey tea ribs
2992,grapes chocolate pepper
2614,bleu cheese
3164,strawberries
2149,provolone feta cheese garlic
944,spaghetti lamb earl grey tea
135,strawberries
1129,garlic green tea swiss cheese
617,pineapple whole wheat bread mushroom
209,wheat bread pasta kiwi
2058,paprika pineapple yogurt
1507,onions
1383,whole wheat bread pork shoulder
880,vinegar earl grey tea
3324,onions linguini orange
8,linguini sourdough bread
691,radish pineapple
423,cumin broccoli pork shoulder
927,wheat bread apple sourdough bread
2265,radish garlic salt
1341,bread broccoli penne
2216,chocolate spaghetti lamb
1139,white bread penne
1500,ribs
681,ground beef paprika pineapple
1475,feta cheese garlic black tea
1301,chocolate broccoli
2521,blackberry grapes
3259,mustard swiss cheese
2832,salt black tea
2370,beef onions white bread
1487,chocolate bread pork shoulder
1749,grapes gochujang white bread
248,carrots
3249,fettuccine
2858,beef paprika spinach
3358,kiwi
1545,yogurt mushroom
726,spinach pork
2388,pineapple mushroom
2797,chocolate soy sauce salt
274,mustard black tea
2016,chicken apple kiwi
2204,beef strawberries linguini
2868,whole wheat bread
891,salt
954,onions grapes
3161,soy sauce ketchup
2920,broccoli cherries
2407,onions cheese
1830,cherries linguini saffron
2716,cheese watermelon salt
3022,mayonnaise ham
3050,ribs
562,wheat bread
2923,strawberries
466,earl grey tea
3527,bleu cheese
2916,black tea mushroom white bread
1589,saffron feta cheese gochujang
994,saffron salt soy sauce
1585,pasta
1764,spinach ribs rice
2136,paprika
1325,gochujang rice onions
1886,swiss cheese spaghetti gochujang
154,linguini
1819,pepper ribs
624,feta cheese pork mushroom
1517,pork feta cheese
570,garlic
584,ribs
1719,cherries garlic powder
1807,chocolate apricot
2591,bleu cheese
344,orange pasta veal
983,green tea
447,ribs
2577,vinegar salt
517,swiss cheese apple mushroom
985,apple cumin
1034,bleu cheese pasta
110,whole wheat bread
1295,mayonnaise penne pork
2534,garlic powder
3146,tea
350,spinach
1260,yogurt salt
3187,white bread mayonnaise
2144,spaghetti
917,chicken earl grey tea penne
1309,gochujang ketchup
1525,pasta onions
2378,gochujang wheat bread carrots
3261,black tea
1073,apricot ribs
2279,bread
3416,provolone beef pasta
1538,saffron
682,saffron
1795,black tea ketchup broccoli
2927,lamb broccoli
3266,penne
2221,strawberries fettuccine
2247,yogurt spaghetti
2571,mustard banana green tea
768,mayonnaise mushroom
1128,wheat bread white bread
1715,banana blackberry ribs
257,ham mustard ribs
878,earl grey tea
1455,provolone
1274,apricot kiwi
538,bread penne mushroom
2687,salt bread broccoli
1578,grapes broccoli tea
2275,yogurt mushroom
963,pepper apricot
721,sourdough bread yogurt
1868,swiss cheese yogurt
1231,black tea swiss cheese
3104,tea white bread provolone
21,bleu cheese penne pineapple
272,black tea mustard
2900,bread carrots
3129,onions feta cheese vinegar
3318,earl grey tea ketchup
539,cheese linguini apple
3003,broccoli cherries
1227,fettuccine yogurt chocolate
2976,chicken ground beef cumin
352,blackberry mustard broccoli
2109,pepper cheese banana
1587,pork shoulder rice
2188,pork pasta orange
981,veal pork
1662,lamb
1060,pork green tea chocolate
74,saffron
2881,white bread cherries chicken
1165,earl grey tea broccoli strawberries
3376,radish white bread apple
1398,ground beef
890,grapes pepper salt
2265,ground beef provolone
1286,radish pineapple
1529,sourdough bread salt
1535,yogurt
2259,radish carrots
453,garlic powder pork shoulder
102,gochujang cherries onions
735,beef radish watermelon
929,bleu cheese
2188,onions vinegar bleu cheese
3398,vinegar
2982,cherries beef watermelon
3523,pineapple ham gochujang
1662,orange
968,orange
3216,pepper
2878,earl grey tea
2055,grapes cherries
872,mayonnaise
1487,chocolate cheese ketchup
2001,carrots
777,mayonnaise onions radish
80,provolone apple carrots
1082,beef tea pork shoulder
150,chocolate mushroom orange
2936,chicken mayonnaise mustard
1221,penne spaghetti mayonnaise
2764,bread pineapple black tea
2551,chocolate
1190,saffron
1269,pepper
546,mushroom potatoes
1934,lamb linguini
1474,chocolate tea
1433,yogurt beef cherries
2475,cumin white bread grapes
3425,apple banana salt
1349,strawberries radish blackberry
3430,feta cheese
2316,bleu cheese
830,potatoes radish mustard
2257,pasta
3076,fettuccine black tea
347,pasta
2832,mushroom
2239,soy sauce mustard
1758,beef
1061,potatoes carrots
3487,salt pepper mustard
1721,gochujang bread chocolate
2969,pasta swiss cheese tea
3452,earl grey tea black tea chicken
268,strawberries fettuccine
3269,rice pork
2652,lamb orange saffron
939,chocolate
2296,lamb pasta
757,lamb grapes
958,mustard
1117,bread
741,spaghetti
1319,mushroom strawberries
919,watermelon ground beef feta cheese
1927,saffron
1434,carrots
955,mayonnaise grapes pork shoulder
764,carrots
1663,ketchup whole wheat bread
671,tea garlic powder
2726,carrots swiss cheese green tea
1573,ribs lamb
1904,beef
1155,banana yogurt
2638,swiss cheese mustard pork
2642,potatoes pepper
3258,broccoli earl grey tea
1229,whole wheat bread
1515,apricot white bread
1252,grapes broccoli fettuccine
2563,tea chicken ribs
1067,garlic spinach mustard
2821,garlic powder
1898,cherries
127,ketchup apple
1472,mayonnaise chocolate cherries
573,radish mustard salt
43,veal
1063,cherries feta cheese garlic
478,vinegar gochujang spinach
204,penne chocolate
1603,pepper
271,fettuccine saffron
980,pork mustard
1809,rice
3429,grapes bleu cheese onions
2716,penne bread
1820,spaghetti banana garlic powder
2424,bleu cheese chicken
3279,bread banana
3096,green tea spaghetti swiss cheese
162,lamb yogurt beef
348,rice penne ribs
2567,black tea
2314,pasta grapes
342,ground beef gochujang
638,garlic
2725,pasta
3321,pork shoulder pepper
299,ribs
1261,mayonnaise garlic
1999,potatoes black tea vinegar
2325,bread
2245,watermelon
1089,earl grey tea
2026,chocolate rice
48,grapes orange green tea
2003,lao gan ma veal
3419,feta cheese ham pasta
1916,ground beef
1644,veal
3375,orange
3087,grapes
2950,fettuccine black tea whole wheat bread
2393,whole wheat bread
849,provolone chicken
2454,provolone
2251,mustard
731,strawberries
2751,linguini carrots
2064,saffron apple
338,rice
70,apple broccoli
1873,gochujang fettuccine
1860,tea earl grey tea strawberries
2312,apricot ribs
3375,cherries onions bread
872,mustard ground beef vinegar
3097,ham
774,bread ground beef
2402,tea mayonnaise saffron
732,saffron mayonnaise
2344,radish strawberries
809,fettuccine
455,chicken
3333,saffron ground beef wheat bread
382,banana
2001,mayonnaise
353,onions yogurt swiss cheese
3157,gochujang pasta
3186,tea blackberry chocolate
1854,veal
3225,cheese
729,soy sauce salt
1833,tea vinegar
2681,lao gan ma whole wheat bread
3134,bread
817,carrots paprika
2207,yogurt radish
295,watermelon onions
2124,watermelon
2266,garlic powder pasta
3348,gochujang
1741,blackberry veal gochujang
1182,mayonnaise wheat bread grapes
1892,linguini
189,bread
2132,pepper feta cheese garlic
3052,lamb cheese grapes
904,strawberries beef
2628,garlic powder pasta
734,pasta
325,garlic
3096,cumin orange beef
2369,mushroom garlic powder
3383,green tea apricot
2935,kiwi fettuccine banana
501,chicken ketchup saffron
1032,pork shoulder sourdough bread cheese
459,feta cheese rice wheat bread
1767,lamb
1573,soy sauce potatoes
219,chicken pork shoulder
305,soy sauce fettuccine green tea
108,veal mushroom spinach
1775,grapes
1617,garlic vinegar
3216,spaghetti blackberry
682,strawberries ham onions
2686,mayonnaise
2099,swiss cheese lao gan ma
159,earl grey tea mushroom
3060,wheat bread white bread
512,ketchup
2659,pepper veal
1177,garlic powder
2558,garlic
979,black tea lamb cherries
757,apricot
2522,gochujang paprika provolone
921,kiwi bleu cheese pork
2521,ribs garlic powder
3070,swiss cheese
928,blackberry paprika
1088,earl grey tea
750,mushroom
1035,grapes gochujang tea
3496,pineapple
2305,spinach sourdough bread lamb
253,cumin
1585,pork
2962,strawberries mayonnaise pork
1604,earl grey tea blackberry garlic powder
1066,pork shoulder provolone
2650,cherries broccoli
554,onions provolone gochujang
1128,gochujang
2189,provolone spinach radish
2201,strawberries
418,pineapple pork gochujang
1299,radish gochujang blackberry
601,kiwi
718,penne pasta onions
1525,mayonnaise green tea spaghetti
2277,onions tea
646,vinegar mushroom chocolate
2224,saffron potatoes
1865,bread
154,watermelon
2034,bleu cheese yogurt apricot
667,banana garlic
1571,pork shoulder
2784,blackberry
3238,wheat bread potatoes mayonnaise
3409,apple
123,tea garlic rice
1345,ribs pineapple
540,lamb swiss cheese
95,whole wheat bread garlic
477,ground beef gochujang
545,earl grey tea
237,cherries
294,carrots spinach
1660,chocolate fettuccine
2666,chocolate grapes
599,pineapple provolone
472,earl grey tea paprika whole wheat bread
256,spinach paprika
2775,linguini
2754,ribs swiss cheese garlic
3004,feta cheese radish ribs
2051,grapes pepper
1773,gochujang provolone banana
2740,provolone onions
3299,lao gan ma
391,watermelon
1808,ribs
2549,bread rice
1736,cumin
504,vinegar mushroom
1980,chicken
3417,blackberry beef green tea
1773,mushroom gochujang
2383,grapes
383,cumin
728,veal green tea
917,chocolate
173,fettuccine pineapple
2775,spinach paprika
2060,onions yogurt
84,penne
3022,chocolate
1784,lao gan ma pepper
2770,orange
2609,apple
47,spaghetti wheat bread
2207,spaghetti garlic ground beef
1577,grapes
2010,provolone
1421,rice soy sauce
2212,earl grey tea onions
1279,cheese
2405,bread
3381,earl grey tea wheat bread
1938,banana salt apple
3152,cheese whole wheat bread radish
3361,cherries bleu cheese swiss cheese
2072,apple orange ribs
1554,feta cheese swiss cheese
765,wheat bread lao gan ma pork shoulder
1209,soy sauce spaghetti
2477,mushroom
2233,strawberries banana
294,orange ribs
1547,swiss cheese
1565,fettuccine linguini
3276,mayonnaise
3502,strawberries
985,chicken
2796,pork
2765,white bread carrots
110,ketchup soy sauce
1911,white bread garlic powder
1257,potatoes
3423,spaghetti blackberry apple
124,tea apricot pasta
3308,green tea paprika orange
1746,banana apricot
2546,gochujang whole wheat bread feta cheese
319,sourdough bread salt
79,beef
565,white bread
245,saffron
1164,linguini strawberries garlic
3157,chocolate
3454,ketchup cherries
3380,paprika garlic
2265,pork wheat bread spinach
1530,watermelon
2370,grapes
1745,spaghetti
2892,penne spaghetti gochujang
3388,ham garlic
2209,watermelon bread black tea
79,whole wheat bread banana apricot
1724,swiss cheese
584,swiss cheese grapes
2949,apricot green tea
344,garlic powder swiss cheese
1201,fettuccine yogurt
28,white bread rice
1985,pineapple mustard pork shoulder
2276,white bread carrots
1786,potatoes ribs
334,mushroom
3043,tea
2799,gochujang fettuccine potatoes
3505,watermelon ketchup
1432,grapes
3086,apple bread
183,potatoes strawberries cherries
1944,ground beef
2077,garlic wheat bread potatoes
286,strawberries pasta
139,black tea pork penne
80,cheese apple
1076,beef
1726,cheese
3325,grapes lao gan ma pork shoulder
2667,chocolate blackberry
968,rice
2113,bread
1633,spaghetti
1115,lao gan ma
1088,ketchup veal pork shoulder
2193,garlic powder soy sauce provolone
2480,garlic powder ribs wheat bread
584,pineapple
2307,cumin
2151,swiss cheese chocolate
2461,cherries
447,saffron earl grey tea
2783,carrots garlic cherries
819,apple grapes watermelon
1720,broccoli spaghetti feta cheese
1376,cheese spinach white bread
2965,ham chicken potatoes
2437,yogurt black tea mushroom
2089,spaghetti cherries
3,cherries feta cheese
1140,radish cumin
539,penne blackberry wheat bread
2589,chocolate
35,linguini ribs white bread
2342,mushroom saffron
3096,lamb green tea
101,vinegar pork strawberries
731,linguini salt carrots
1951,green tea pepper
936,yogurt
1080,pepper
3214,apple linguini
422,penne swiss cheese
2471,ketchup cumin earl grey tea
1324,gochujang pasta
3047,pork radish ketchup
2781,chicken bleu cheese
2020,cheese
234,pineapple beef
2069,bread
902,earl grey tea
2344,paprika bread
51,onions cherries
795,beef ground beef apple
316,ham carrots apple
1880,radish broccoli beef
1736,saffron potatoes
706,watermelon
2390,mushroom spinach pineapple
162,cheese beef pork
160,ground beef
2351,paprika ground beef
2429,apple
1699,spinach ketchup
35,mustard vinegar rice
2171,cherries rice potatoes
3354,tea saffron orange
93,banana
1745,swiss cheese broccoli tea
1470,feta cheese broccoli mustard
1176,chicken pineapple
2737,black tea orange saffron
1853,spaghetti tea white bread
2280,mayonnaise
1585,garlic fettuccine
2326,veal
1248,mushroom rice bread
2437,black tea
1459,tea
421,mayonnaise chicken
827,pasta white bread
3369,feta cheese chocolate watermelon
3518,soy sauce veal earl grey tea
1638,black tea provolone
2497,pepper
2347,mustard soy sauce rice
2553,apple
922,bleu cheese pasta ground beef
863,watermelon
191,pasta orange
785,bleu cheese orange
318,pepper
1912,pork
3111,apple radish
2588,sourdough bread
2869,garlic powder
2952,pasta saffron veal
1534,ham lamb white bread
576,blackberry
931,rice banana
843,salt banana
2386,grapes cherries pineapple
1504,veal
247,linguini provolone
3182,earl grey tea
1647,bread
1014,ground beef
2159,grapes black tea
1995,blackberry garlic
862,chocolate ham
668,apple kiwi
2134,spaghetti
195,carrots broccoli linguini
2163,soy sauce apricot
3513,cherries
3511,pork
2413,garlic powder chocolate mustard
3421,salt
746,soy sauce mushroom fettuccine
3475,green tea
2371,white bread ham
1072,pepper white bread
3197,paprika potatoes
515,banana
461,pork blackberry
355,linguini rice
2481,veal paprika onions
2485,black tea rice
1655,fettuccine tea blackberry
845,vinegar whole wheat bread
193,potatoes spinach chocolate
949,cherries salt pork shoulder
2090,lamb
2007,swiss cheese spinach
1828,grapes saffron chocolate
2322,veal vinegar
2854,ground beef spaghetti
3340,cumin
3385,whole wheat bread sourdough bread spaghetti
588,bread garlic
195,linguini bread
2701,orange beef linguini
1241,apricot
934,veal
1012,swiss cheese
3070,orange
3079,veal rice
833,chicken cheese
2091,pepper apple linguini
1312,pepper watermelon
3409,bread yogurt mushroom
2873,potatoes yogurt pork
1533,mayonnaise ground beef
158,garlic powder
365,potatoes bleu cheese chocolate
2028,grapes rice
1269,cumin provolone
2395,chicken ribs apple
995,soy sauce watermelon ground beef
2193,cheese cherries banana
775,bread yogurt pineapple
2156,apple watermelon beef
1808,kiwi
2882,banana cumin
42,vinegar earl grey tea
2113,ground beef paprika mustard
2072,grapes ketchup spaghetti
310,cherries
94,green tea strawberries yogurt
1818,lamb
3309,kiwi
2778,swiss cheese gochujang radish
3041,potatoes
1038,saffron gochujang
2095,blackberry vinegar
42,grapes chicken
3152,ham kiwi paprika
3127,chocolate
302,black tea
1093,cumin
2709,bread
3146,ham
2463,lao gan ma
184,provolone mustard
3086,spaghetti bleu cheese
1179,gochujang broccoli
2410,provolone apple cherries
537,feta cheese
1526,swiss cheese penne
2868,paprika
2423,ketchup cheese wheat bread
3146,pork
2394,beef
3017,banana orange
2684,whole wheat bread pasta
432,paprika
1922,carrots earl grey tea white bread
2871,paprika chocolate
400,bread
3150,radish bleu cheese ham
1680,cheese rice bleu cheese
2401,pasta ribs earl grey tea
444,gochujang carrots wheat bread
1528,gochujang radish pork shoulder
672,kiwi provolone pork shoulder
1460,pork garlic broccoli
2536,ketchup
1085,chocolate bleu cheese garlic
3058,tea mayonnaise broccoli
2455,pasta lao gan ma
1192,whole wheat bread mayonnaise
1238,swiss cheese
2080,salt mayonnaise
2572,mushroom yogurt broccoli
2945,apricot
1766,garlic
2590,beef grapes
18,orange bleu cheese
1832,radish wheat bread
565,gochujang
2710,swiss cheese
1886,kiwi wheat bread pepper
2524,vinegar spinach
306,grapes
631,garlic powder
1449,pork shoulder black tea
1541,apricot saffron
2779,apple mayonnaise apricot
1800,fettuccine
1184,grapes
2406,banana pork
1087,cheese ground beef
2280,carrots
2209,spinach cumin linguini
947,chicken apple
2758,veal
1001,green tea spaghetti
174,bread strawberries
993,whole wheat bread swiss cheese
2227,lamb
774,cherries
3503,linguini bleu cheese black tea
513,gochujang paprika earl grey tea
2126,earl grey tea spaghetti lao gan ma
2092,blackberry
2795,fettuccine
2475,paprika
2532,pineapple yogurt lamb
208,swiss cheese linguini
2193,pineapple spinach
44,salt broccoli
2041,vinegar garlic pasta
2090,cheese garlic powder broccoli
821,spinach feta cheese saffron
2625,saffron radish penne
3155,rice lao gan ma feta cheese
751,potatoes feta cheese tea
3310,potatoes
3271,feta cheese potatoes
460,pineapple watermelon pasta
573,apricot
2104,onions kiwi
2527,radish onions
1472,chicken radish
1518,pasta spinach
981,kiwi ribs white bread
2301,black tea soy sauce
648,pepper mushroom
2071,lamb
2036,sourdough bread saffron spaghetti
2241,pineapple
1627,ground beef
1816,green tea orange
607,banana
3387,mushroom apricot
858,fettuccine
454,ground beef soy sauce
2639,rice grapes orange
3009,provolone
1855,spaghetti
2489,mustard yogurt
2708,wheat bread apple
1768,white bread
667,vinegar bleu cheese soy sauce
793,lao gan ma strawberries
889,yogurt
832,white bread mushroom
2951,kiwi
617,watermelon carrots
1971,chocolate
3198,garlic vinegar lamb
1399,yogurt kiwi
1261,whole wheat bread
1732,bread
3231,onions
1707,penne
986,cumin bread
1733,soy sauce lamb cumin
284,chocolate chicken
835,bread apricot
1163,black tea cheese
2618,vinegar wheat bread pork
2206,whole wheat bread lamb chicken
2542,lamb strawberries mustard
1062,ribs garlic
3156,pineapple mayonnaise vinegar
1327,pineapple paprika
1978,provolone sourdough bread
1054,blackberry white bread
940,soy sauce cumin green tea
3295,chocolate cherries
767,salt mustard
2158,soy sauce
1278,wheat bread ground beef
1360,fettuccine grapes
2996,soy sauce chicken pineapple
129,salt watermelon
2559,tea
1676,pineapple onions broccoli
331,broccoli sourdough bread
3331,apple
151,bread beef salt
1241,feta cheese apricot sourdough bread
635,mustard pasta
641,lamb grapes
840,strawberries orange
1091,kiwi mayonnaise
3086,ketchup lao gan ma
1059,potatoes linguini watermelon
1483,white bread
904,bleu cheese
2690,bread ribs mushroom
1842,yogurt
2551,kiwi carrots pork shoulder
1686,green tea feta cheese
448,broccoli
420,ketchup
912,whole wheat bread grapes penne
1791,whole wheat bread pepper
1850,gochujang cheese pepper
205,whole wheat bread pasta ketchup
1835,penne apple
2447,pepper chocolate
3266,saffron pork strawberries
754,apricot strawberries
118,grapes mustard pepper
1501,pepper
2159,chocolate
222,strawberries ham
3347,spinach
1788,carrots potatoes
171,cherries yogurt bleu cheese
42,ketchup
1503,penne veal earl grey tea
1700,mayonnaise
542,pork shoulder
3017,garlic pasta provolone
1543,saffron pepper cheese
2914,ketchup grapes
2486,garlic
697,black tea mustard swiss cheese
1113,pepper pasta radish
2774,saffron
2278,carrots fettuccine
357,onions lamb
835,sourdough bread pineapple
2906,wheat bread gochujang
1846,earl grey tea ribs grapes
3410,cherries
2790,ketchup ham
2615,watermelon bread
739,earl grey tea ham
1678,earl grey tea spaghetti chocolate
3213,ribs banana soy sauce
1072,white bread
3248,pork shoulder
2820,wheat bread ribs
2077,salt
2760,bleu cheese wheat bread linguini
1430,potatoes apple bread
2375,provolone blackberry wheat bread
293,garlic cherries tea
2349,watermelon
1494,penne gochujang tea
2908,broccoli ground beef orange
2749,strawberries onions provolone
1955,pasta
1809,pineapple pork
2757,yogurt mustard swiss cheese
1971,grapes salt
1611,pork ham
2190,radish bread
2833,pasta
2608,green tea onions
2839,broccoli
1237,blackberry apricot ham
72,linguini bread potatoes
437,saffron white bread beef
2533,chocolate
1023,rice whole wheat bread ground beef
1160,apricot
2948,green tea swiss cheese
3050,linguini banana paprika
3060,vinegar cumin lamb
3166,broccoli provolone paprika
2987,ketchup
1262,mayonnaise chicken
1885,salt
881,grapes
2776,saffron pasta orange
1919,soy sauce ham banana
3508,soy sauce
2463,grapes apple swiss cheese
718,pasta black tea
1943,salt vinegar ham
3296,lao gan ma mushroom
3172,provolone
715,green tea veal
2853,chocolate
298,grapes white bread pork shoulder
3245,carrots penne
2433,bread
135,beef
2593,mustard vinegar
183,penne
497,mushroom cumin
2009,grapes
2307,potatoes
33,vinegar carrots
1699,green tea black tea
2293,feta cheese
2239,beef
3184,whole wheat bread spaghetti fettuccine
1796,apricot bread
762,kiwi beef swiss cheese
2999,kiwi black tea ribs
1946,potatoes
3264,cumin cheese
1364,carrots
2218,provolone apple
148,black tea
285,garlic
1696,apricot mustard
650,blackberry
935,cumin
3122,ribs
1030,cherries broccoli
1647,linguini
912,ham radish lamb
2819,chicken cherries
3013,apple broccoli grapes
2725,salt
2173,cumin whole wheat bread chicken
2825,chicken
1054,paprika pork green tea
500,mustard whole wheat bread salt
759,spinach fettuccine
921,mustard feta cheese pineapple
2231,garlic mustard cheese
1187,apple provolone gochujang
456,onions garlic powder
1998,swiss cheese mustard apricot
2698,cheese tea
49,pineapple spaghetti sourdough bread
2875,paprika
1978,radish bleu cheese
933,provolone spaghetti
3488,pork mushroom
2361,apricot blackberry lamb
1339,strawberries ketchup chicken
888,kiwi spaghetti
1472,ham rice garlic powder
1546,penne carrots spaghetti
1415,cherries ketchup yogurt
2444,chicken
18,broccoli pork shoulder swiss cheese
1198,spinach yogurt pork
917,pork shoulder orange mayonnaise
2264,pasta
3315,lao gan ma
700,pepper orange cherries
1546,apricot beef garlic
497,potatoes
1029,chocolate cumin
186,orange banana
2671,sourdough bread spaghetti cherries
773,spinach black tea
2948,green tea
1171,lamb bread
647,whole wheat bread
2254,saffron penne chocolate
697,carrots salt
3012,cumin carrots
86,cheese
2875,spinach
1370,fettuccine
86,penne paprika
1788,onions veal mayonnaise
2422,garlic powder cumin
2094,whole wheat bread
2296,banana
3406,mushroom lao gan ma
3221,pork shoulder bread mayonnaise
2966,mushroom
1507,bread
2441,mushroom
798,vinegar
2691,veal wheat bread
6,yogurt carrots
2299,pasta ketchup
837,earl grey tea
1281,lamb penne
509,carrots pork shoulder garlic
569,potatoes orange gochujang
2272,ham pineapple bread
2598,salt
2903,swiss cheese
974,earl grey tea
3465,pasta strawberries vinegar
729,spaghetti
3409,wheat bread lao gan ma
205,lao gan ma pork
3256,pork shoulder beef chicken
2030,linguini blackberry
1956,penne grapes pork
1380,fettuccine earl grey tea
2116,yogurt lao gan ma onions
3007,gochujang
667,veal lamb penne
124,linguini
1525,salt
2760,pepper chicken
636,linguini fettuccine
3540,ham bread
1631,pepper saffron pork shoulder
1584,yogurt
2464,mayonnaise paprika lamb
3052,provolone ketchup
2410,potatoes
2959,white bread provolone
2505,beef pineapple spinach
2945,orange
553,pineapple provolone
1935,penne pepper salt
183,saffron strawberries mushroom
3381,bread feta cheese onions
1837,sourdough bread
2211,black tea
1842,vinegar garlic powder
937,spaghetti bread pork shoulder
111,carrots chocolate
2579,kiwi beef
2036,sourdough bread grapes
1676,green tea
1030,pork grapes beef
3415,apple whole wheat bread
400,provolone pork shoulder ribs
540,ribs bleu cheese soy sauce
114,feta cheese earl grey tea
560,watermelon
1135,pork carrots garlic
3414,radish kiwi
438,rice cumin banana
384,whole wheat bread gochujang soy sauce
948,pineapple watermelon pasta
2793,ribs chocolate bread
2558,tea cheese
3380,soy sauce feta cheese
2384,banana pineapple
3013,gochujang chicken
385,pork green tea ham
3285,cherries apricot
2978,potatoes radish wheat bread
3268,yogurt grapes pasta
2375,mushroom bleu cheese banana
2333,apple
2140,beef
2864,apple
692,mustard garlic
1125,soy sauce saffron gochujang
2417,cherries
2364,onions white bread
242,spaghetti yogurt carrots
1667,spaghetti
241,mushroom ribs feta cheese
1975,mayonnaise swiss cheese
143,garlic powder
830,bleu cheese yogurt
2580,beef potatoes
3294,penne pasta chocolate
1332,linguini
2078,kiwi salt
1668,black tea kiwi lao gan ma
1503,gochujang cheese spaghetti
2018,radish penne
1933,mustard swiss cheese
1936,mushroom fettuccine
201,ribs
3321,wheat bread
2255,spaghetti pork
1597,fettuccine
2178,spinach
3424,ribs ground beef
1832,beef radish blackberry
930,garlic powder linguini
2745,mushroom
3029,potatoes
25,watermelon
1202,chocolate spinach
1266,ketchup sourdough bread
1727,cherries gochujang chocolate
2221,pork pasta ribs
845,fettuccine chicken
2955,bleu cheese ribs
2565,saffron
56,watermelon strawberries
82,tea
3370,yogurt spinach earl grey tea
458,sourdough bread
1433,beef earl grey tea
1791,beef
219,pepper
2988,sourdough bread green tea
64,banana broccoli
1703,carrots cheese garlic
2332,ketchup
211,garlic
1318,cherries kiwi
3487,salt soy sauce
928,grapes veal
1924,garlic powder feta cheese saffron
2489,whole wheat bread vinegar provolone
360,pineapple kiwi
2588,salt banana
2271,mayonnaise mustard
2963,feta cheese strawberries
1528,feta cheese
847,soy sauce
1252,apple saffron garlic powder
55,pineapple
206,earl grey tea cumin apricot
2282,cherries ham white bread
2182,ground beef
888,apricot
2263,mustard carrots
508,linguini paprika
1134,gochujang earl grey tea orange
3422,ground beef
2801,linguini
783,sourdough bread
2669,swiss cheese vinegar
1771,orange
1040,mustard radish
3513,strawberries swiss cheese
2811,mayonnaise whole wheat bread
448,banana
1057,saffron
2568,bleu cheese earl grey tea
1475,ground beef potatoes sourdough bread
582,sourdough bread
1857,orange broccoli lao gan ma
3015,beef paprika
47,ketchup ribs wheat bread
1664,potatoes
1432,bleu cheese pineapple
3413,provolone
1656,pepper
6,wheat bread
2282,linguini
2577,strawberries
1633,pineapple onions fettuccine
3239,sourdough bread
3536,watermelon mustard carrots
800,bread saffron earl grey tea
722,soy sauce yogurt cumin
2629,vinegar linguini carrots
2873,cherries garlic pork shoulder
3015,orange salt cumin
2773,fettuccine blackberry
472,whole wheat bread garlic powder
382,feta cheese garlic powder gochujang
2300,broccoli beef earl grey tea
2188,cherries
2925,broccoli lao gan ma onions
291,orange banana
239,spinach spaghetti vinegar
1274,provolone chocolate
1329,green tea earl grey tea lamb
2682,ketchup feta cheese
3429,watermelon pineapple vinegar
1896,cumin
1297,pork shoulder chocolate
753,garlic powder spaghetti
766,bleu cheese
1526,rice
2660,soy sauce swiss cheese
747,paprika chicken
2313,feta cheese orange rice
1913,onions white bread mustard
1507,ground beef pepper cumin
3313,feta cheese
676,earl grey tea chicken whole wheat bread
2929,yogurt beef
2624,pineapple pepper
2152,apricot
2519,spaghetti carrots lamb
2159,earl grey tea banana
1985,provolone swiss cheese
671,pork shoulder
1975,mayonnaise ground beef
705,watermelon tea
3072,tea apricot
3383,beef
120,salt banana
3405,pork
718,lao gan ma
325,yogurt pineapple
1632,cherries
865,orange penne
2691,watermelon garlic
498,lao gan ma fettuccine
2234,salt yogurt watermelon
2237,penne potatoes white bread
3154,swiss cheese
720,potatoes cherries pepper
1674,apple
3372,earl grey tea strawberries
2557,orange
1791,kiwi bleu cheese
1315,penne fettuccine mushroom
2739,garlic white bread
1784,blackberry salt
418,yogurt cumin
703,gochujang
1375,spinach
613,pork shoulder bleu cheese feta cheese
2692,feta cheese salt
108,lamb chicken paprika
1968,rice penne watermelon
2697,yogurt salt wheat bread
3316,orange
1265,lamb penne garlic powder
3059,ketchup
3319,beef
2051,tea earl grey tea radish
1422,yogurt radish
1355,ground beef
835,yogurt radish fettuccine
2272,black tea apple
911,green tea
3397,mayonnaise beef
2111,black tea apple
3071,chicken mushroom
981,bleu cheese garlic powder chicken
2364,spaghetti
3354,apricot green tea radish
3529,salt linguini
567,pork pasta carrots
2415,vinegar cherries
2881,chocolate blackberry bleu cheese
3264,bleu cheese mushroom yogurt
551,veal onions pork
3059,apricot
1875,onions pork shoulder radish
1377,vinegar penne
1596,beef banana
2800,black tea carrots
639,pork shoulder mushroom potatoes
185,ground beef
302,rice gochujang ground beef
3455,spaghetti kiwi
2902,onions grapes
436,banana
970,ham paprika
2481,ribs white bread swiss cheese
2461,broccoli
2760,carrots
3360,lao gan ma kiwi
3321,soy sauce cheese
1957,chicken
2864,linguini onions
2921,ribs
3058,potatoes garlic
1475,lao gan ma cumin
743,apricot pork shoulder
2064,cheese earl grey tea
3087,wheat bread
648,spinach
98,potatoes rice saffron
2733,paprika chocolate watermelon
997,orange
2274,strawberries orange
559,banana carrots
1215,soy sauce pork mayonnaise
1748,radish
41,whole wheat bread saffron
2779,feta cheese garlic powder carrots
1331,white bread
1826,grapes saffron
1590,paprika apricot
2757,ketchup fettuccine
1829,linguini pork
192,penne blackberry beef
2471,banana
549,swiss cheese pineapple lamb
1885,ham
1514,potatoes strawberries sourdough bread
525,broccoli provolone cumin
2026,pork shoulder carrots cumin
206,garlic powder pineapple
545,saffron whole wheat bread pork
2172,ham whole wheat bread green tea
1462,rice
3330,cumin
2212,gochujang pepper
1280,whole wheat bread
1303,grapes wheat bread
2258,salt tea
2327,kiwi spaghetti
3268,grapes whole wheat bread lamb
1267,pineapple
153,pineapple apricot pork shoulder
879,kiwi grapes
2284,green tea
3159,ground beef broccoli garlic powder
1729,banana
1816,broccoli
1508,apricot
834,feta cheese radish earl grey tea
371,whole wheat bread potatoes
820,kiwi whole wheat bread
803,spinach
414,ham chocolate green tea
3388,swiss cheese radish
2845,gochujang cumin yogurt
1766,carrots white bread vinegar
1173,onions ground beef
2160,carrots
1672,pork shoulder swiss cheese yogurt
230,ham
928,garlic powder cherries
1704,spinach bread
1478,spinach
1815,apple potatoes carrots
2478,apricot strawberries
21,orange ham
3184,black tea
2423,garlic powder strawberries chicken
1996,pork shoulder
1128,bleu cheese mushroom cumin
752,veal
2456,green tea orange
3006,black tea mushroom
2559,ground beef pepper
1668,bread
3253,potatoes
2405,paprika swiss cheese
1232,vinegar mayonnaise
1395,black tea cheese fettuccine
464,garlic
3237,swiss cheese
709,watermelon fettuccine
1598,carrots garlic powder white bread
3004,radish broccoli
3460,blackberry
2254,carrots broccoli
3104,spinach gochujang
805,pork shoulder chocolate wheat bread
3416,salt veal yogurt
2150,strawberries
1613,cheese penne
1748,watermelon carrots
3087,cumin
1883,chocolate tea pasta
2376,mayonnaise gochujang vinegar
1149,mayonnaise black tea pasta
3127,earl grey tea mushroom pasta
359,provolone
2345,garlic
2949,kiwi
780,garlic gochujang penne
3373,pasta provolone
2434,onions mushroom banana
1217,tea
576,paprika bleu cheese feta cheese
3219,tea mustard
542,pineapple garlic
1019,lamb beef strawberries
1397,strawberries garlic powder blackberry
2772,onions penne
1291,pork shoulder whole wheat bread kiwi
2511,ground beef
134,white bread ham provolone
2934,linguini broccoli sourdough bread
961,chocolate pineapple
200,soy sauce saffron
1555,watermelon
816,mushroom pasta bleu cheese
1938,provolone pasta
827,penne ham pasta
1371,kiwi black tea
2913,lamb gochujang
3440,lamb saffron
2771,apricot
3455,whole wheat bread strawberries
898,whole wheat bread
2341,black tea watermelon
2499,gochujang white bread ground beef
3257,blackberry broccoli provolone
1529,beef carrots salt
1925,pasta pepper apple
238,watermelon pineapple rice
385,gochujang pork garlic powder
2491,ham tea
3332,pork vinegar
807,paprika penne ham
3068,apricot mushroom
1966,provolone
3055,white bread penne chocolate
1074,paprika penne gochujang
2838,lao gan ma
3020,pineapple whole wheat bread chicken
2896,lao gan ma vinegar
1255,salt apricot bread
3208,grapes ham mayonnaise
1452,ribs onions
2676,cumin
148,orange
1206,potatoes bleu cheese
3294,penne apple
2945,gochujang black tea bread
1845,provolone fettuccine watermelon
3449,soy sauce paprika
2801,onions mayonnaise salt
2454,whole wheat bread
845,onions spaghetti
1066,chocolate orange
844,veal bread
2843,broccoli onions sourdough bread
675,whole wheat bread watermelon
408,provolone
3445,apricot strawberries vinegar
2374,mushroom
3166,orange tea
342,veal apple spaghetti
72,grapes white bread pork
1759,ribs lamb
1779,chicken
1290,bread
1231,earl grey tea blackberry cumin
3423,lamb
2173,blackberry ketchup
2859,strawberries provolone feta cheese
2543,lao gan ma
863,spinach blackberry soy sauce
2582,pork whole wheat bread beef
1577,pork shoulder onions
2991,spinach paprika garlic
924,spinach garlic ham
297,spaghetti
662,earl grey tea apple black tea
2648,linguini pasta lao gan ma
1272,banana cheese blackberry
3069,mayonnaise earl grey tea lamb
1927,broccoli
697,penne mushroom pepper
2025,lamb
3065,pork shoulder mayonnaise
255,pork shoulder
228,beef strawberries pasta
1692,mayonnaise
413,mushroom white bread mustard
3258,lao gan ma
2445,sourdough bread
2961,ham ribs pepper
3149,ground beef
968,vinegar paprika carrots
2979,spinach saffron lao gan ma
2972,rice spaghetti
1958,pepper orange bread
2227,lao gan ma
3184,saffron pepper
1725,penne bread
416,strawberries blackberry
2507,paprika
3117,pineapple
1026,soy sauce apple pork shoulder
1290,radish
3361,swiss cheese green tea
2755,garlic spinach bread
2134,fettuccine carrots
3349,pork shoulder
179,feta cheese chocolate kiwi
3277,mayonnaise saffron ribs
2512,feta cheese cherries
3345,pork onions ketchup
3462,white bread penne paprika
2177,bread ribs spinach
1841,sourdough bread
330,onions spinach fettuccine
3285,pasta
1810,ribs
64,pork saffron watermelon
1585,gochujang mustard bleu cheese
2538,fettuccine kiwi sourdough bread
800,beef provolone pork shoulder
1288,white bread
2173,pineapple pasta
3302,lao gan ma kiwi
2652,potatoes
3084,blackberry ribs
68,whole wheat bread cumin mushroom
3224,mustard spaghetti paprika
2047,watermelon broccoli
2058,whole wheat bread banana
582,orange cheese
2301,rice cheese spinach
478,penne sourdough bread mushroom
44,ribs
1350,black tea chocolate
3136,white bread
3130,cheese mayonnaise
2504,cheese
256,garlic onions
1517,linguini
1141,wheat bread yogurt
2361,kiwi beef
2536,onions
2882,pork shoulder linguini
954,garlic apple
652,banana penne
2591,watermelon cheese
2990,beef mustard
2542,salt
394,onions
2954,mayonnaise whole wheat bread
1327,spinach chicken
1644,salt pepper swiss cheese
2720,beef soy sauce
1940,salt
2278,soy sauce lao gan ma ketchup
1352,grapes saffron green tea
88,kiwi spaghetti pork
195,cumin pasta saffron
402,cherries whole wheat bread
1948,mayonnaise vinegar
2026,watermelon
3482,black tea
2953,pasta black tea onions
422,feta cheese wheat bread pasta
3424,spinach
3056,onions
555,earl grey tea
3512,ham fettuccine
11,green tea pork pasta
2926,earl grey tea ketchup bleu cheese
2172,sourdough bread saffron
93,pork spinach
879,wheat bread bleu cheese orange
2446,onions
1998,yogurt
1856,fettuccine cherries
1305,salt
859,gochujang vinegar broccoli
2736,beef carrots
183,mushroom
1820,grapes chocolate
971,bread pineapple
2369,rice
2208,white bread chicken
1615,black tea saffron
2661,yogurt
2697,gochujang grapes
1972,green tea
460,fettuccine
2928,spaghetti earl grey tea cumin
818,lao gan ma chicken
2023,yogurt mushroom soy sauce
1092,soy sauce bread
782,sourdough bread
2115,earl grey tea
2017,whole wheat bread cherries white bread
2580,yogurt
2585,kiwi spaghetti sourdough bread
1593,feta cheese vinegar
35,linguini cheese
3200,pineapple lao gan ma tea
3242,mushroom pineapple
2944,mustard
3394,mustard onions mushroom
2631,gochujang yogurt
1255,black tea lao gan ma spaghetti
2503,ketchup cherries spaghetti
1279,black tea lamb swiss cheese
1872,chocolate
1676,orange
939,pasta pepper
3468,pineapple bread linguini
2333,ham
3259,beef apple bleu cheese
2198,watermelon black tea
693,ham feta cheese
2559,wheat bread ketchup
1640,vinegar watermelon banana
1240,provolone feta cheese penne
1480,ribs watermelon
3503,bread sourdough bread
970,pepper
3233,rice ribs
2281,fettuccine
2064,black tea saffron wheat bread
1081,apricot
2034,green tea swiss cheese
2696,rice linguini chocolate
2829,veal mayonnaise
1154,radish
775,whole wheat bread
2575,spaghetti
1017,chicken linguini ham
3482,potatoes
260,yogurt garlic
841,spaghetti chocolate
3522,whole wheat bread carrots
2702,provolone chicken penne
1060,watermelon feta cheese
3475,tea paprika
2007,mustard
2279,penne potatoes
1407,blackberry
2554,lao gan ma cheese
1514,sourdough bread provolone bleu cheese
2913,fettuccine potatoes mayonnaise
54,penne mustard
1485,green tea fettuccine
2048,feta cheese
661,apricot mayonnaise
1651,broccoli
882,yogurt fettuccine beef
3417,broccoli lao gan ma sourdough bread
2433,wheat bread strawberries
2142,ribs lao gan ma black tea
1689,feta cheese broccoli garlic
2673,wheat bread spaghetti watermelon
2120,lamb gochujang
3018,grapes garlic
209,green tea mustard
1840,provolone bleu cheese
1896,paprika soy sauce garlic powder
552,blackberry
2321,gochujang
533,swiss cheese
3540,white bread lao gan ma
1588,cherries blackberry bread
230,ketchup lamb garlic
1561,pork shoulder soy sauce ham
3461,ham mustard
319,feta cheese orange
2309,carrots cheese
1609,mushroom broccoli
1318,apple
2851,whole wheat bread ribs black tea
2490,salt
96,sourdough bread
2709,pork yogurt whole wheat bread
1782,cheese
453,yogurt
1976,garlic powder
1864,ham ground beef salt
3494,watermelon
292,pineapple wheat bread rice
260,orange vinegar
2010,pork shoulder salt rice
3104,beef tea
2228,garlic mushroom
2061,radish soy sauce beef
1795,feta cheese bleu cheese
1914,banana
2357,mushroom
2003,provolone wheat bread
3200,garlic pasta pepper
626,ribs
2924,radish
1419,spinach spaghetti
902,ketchup wheat bread
2360,mushroom
1436,bleu cheese
1297,tea fettuccine veal
841,apricot white bread
175,swiss cheese
2367,cherries
3353,apple pepper earl grey tea
725,bleu cheese
1467,green tea cumin
2682,paprika vinegar swiss cheese
674,banana bread whole wheat bread
866,ground beef pineapple apricot
1922,salt cumin
568,cherries earl grey tea radish
1416,strawberries
1860,bleu cheese green tea
2070,onions blackberry
643,paprika tea
348,gochujang mayonnaise blackberry
2327,watermelon black tea
2870,mustard
3211,lao gan ma black tea sourdough bread
104,penne
3512,ribs
114,fettuccine
686,ground beef lao gan ma potatoes
3115,chocolate
1459,mustard pepper
64,watermelon mayonnaise lao gan ma
234,swiss cheese
3466,ribs
1959,mayonnaise banana
3103,garlic paprika
871,pasta
539,earl grey tea pineapple
1356,saffron ham potatoes
2260,ham chicken
1874,salt
2578,penne saffron pasta
114,cherries ketchup gochujang
627,lao gan ma
3225,banana
1831,bleu cheese
1423,linguini rice
958,cheese
2137,linguini
2600,fettuccine chocolate apple
584,linguini chocolate watermelon
531,paprika
827,ketchup beef
2205,provolone spinach
1468,green tea
2365,pork shoulder
1100,cherries chocolate white bread
1525,white bread
1928,apricot lamb chocolate
2996,veal
1180,cheese pepper
1996,fettuccine
1878,garlic
508,veal spaghetti gochujang
604,garlic powder pork gochujang
1776,cumin
3535,yogurt linguini cumin
3249,spinach garlic pepper
1383,veal chicken
1153,apple penne broccoli
310,gochujang watermelon spinach
1312,beef
245,earl grey tea
3208,mayonnaise vinegar
87,vinegar mustard banana
2170,bleu cheese strawberries ham
2205,cherries rice veal
16,garlic powder whole wheat bread ribs
737,vinegar pasta mustard
1174,green tea ground beef
579,banana feta cheese
895,blackberry kiwi
2068,penne pepper vinegar
3506,garlic gochujang
3468,blackberry cherries lao gan ma
2994,paprika tea
1680,banana
2719,black tea radish blackberry
59,penne cumin
236,bread pork shoulder
84,cumin
809,beef
2525,penne orange black tea
1682,ketchup blackberry
3386,vinegar rice
2094,yogurt pepper
3047,broccoli cherries
3382,swiss cheese lamb veal
1528,apricot
1351,swiss cheese
3516,mustard green tea
1315,spinach radish
470,beef garlic
95,chicken mustard vinegar
1442,carrots banana
3503,saffron
1711,spinach carrots ground beef
2535,linguini gochujang provolone
1143,banana carrots
2460,bread grapes ground beef
2750,blackberry pork shoulder spinach
3387,cherries apricot
284,carrots whole wheat bread
2575,ribs blackberry mushroom
3308,banana watermelon
634,linguini
2729,pineapple grapes
3301,broccoli apple beef
1293,ham penne broccoli
759,pork wheat bread
2700,veal
481,pasta bread cumin
1027,salt spinach cherries
715,mayonnaise blackberry
834,apple potatoes earl grey tea
1170,potatoes spaghetti
367,soy sauce
734,green tea
1996,banana
132,apple yogurt pasta
1017,provolone
572,pork banana
463,wheat bread soy sauce cherries
1463,spinach
877,tea feta cheese ketchup
1300,chocolate earl grey tea
2277,watermelon
1500,chocolate onions
768,garlic
3018,pork vinegar mushroom
3390,carrots
1862,broccoli pasta
1923,swiss cheese
985,lamb
746,mayonnaise orange
3309,spaghetti pork shoulder pineapple
127,bleu cheese
3346,kiwi
1383,penne lamb
2816,cheese ground beef
3264,tea potatoes chocolate
2487,pasta
396,yogurt cheese potatoes
3264,banana earl grey tea
2227,bleu cheese
3522,feta cheese ground beef
2213,cherries lao gan ma cheese
1309,lao gan ma green tea
1508,mustard
2887,cumin
3183,broccoli ribs
3259,cumin mustard broccoli
1535,soy sauce cumin
2072,paprika feta cheese gochujang
3200,radish salt
703,cumin mushroom
1297,mayonnaise broccoli
3097,whole wheat bread
1767,sourdough bread
953,whole wheat bread bleu cheese
2031,pork shoulder
1590,radish mushroom salt
595,salt
2360,lao gan ma
2000,beef spaghetti lamb
2978,chocolate
1312,linguini onions
2500,paprika strawberries apple
2149,linguini tea apricot
1281,rice
967,fettuccine
1263,mayonnaise soy sauce
1719,sourdough bread tea lao gan ma
422,spinach
1083,ketchup
1347,black tea chicken sourdough bread
978,feta cheese
702,garlic
3439,whole wheat bread vinegar rice
72,watermelon
583,kiwi onions
1269,apricot
2503,cherries wheat bread salt
899,ham garlic powder
3153,watermelon
1753,swiss cheese onions mustard
2748,pork
471,white bread yogurt
2833,kiwi pork shoulder
355,fettuccine provolone
1226,tea
1568,cheese
1211,gochujang garlic
2811,tea kiwi chicken
2407,tea
827,watermelon
63,salt pork shoulder
1490,spaghetti watermelon spinach
3119,white bread spinach ground beef
822,spaghetti
6,carrots apricot saffron
1469,swiss cheese yogurt spaghetti
1541,swiss cheese bleu cheese
67,feta cheese mushroom
2607,pork
3524,spinach
1538,provolone mayonnaise
1364,ground beef cherries
1755,ham linguini feta cheese
2993,radish broccoli orange
1863,strawberries
1461,cherries
3067,watermelon broccoli
1678,soy sauce potatoes ham
2778,pasta feta cheese lamb
2500,veal linguini
1625,orange penne
3161,pasta kiwi soy sauce
1656,penne
694,bread
891,white bread ham
1067,mayonnaise ketchup
1807,broccoli linguini
3070,mushroom
2950,mayonnaise garlic powder
3251,paprika bleu cheese
1539,kiwi
1800,feta cheese
2599,cheese
1475,garlic potatoes
212,mustard
3184,pepper ketchup potatoes
657,cumin tea
1417,feta cheese
2664,black tea
2577,yogurt
23,paprika garlic
341,ham potatoes white bread
1703,ham veal
1218,lao gan ma strawberries green tea
2436,lao gan ma ribs
1924,ribs swiss cheese kiwi
2740,pasta apricot pork shoulder
1341,chicken broccoli white bread
2765,radish cherries kiwi
1434,beef sourdough bread black tea
2070,vinegar carrots fettuccine
3280,ground beef bleu cheese carrots
7,linguini feta cheese cherries
1397,bread whole wheat bread mayonnaise
2683,saffron
3285,veal
293,vinegar
3537,provolone cheese
907,mayonnaise tea chocolate
2852,fettuccine banana
1571,pepper
3447,veal ground beef
799,feta cheese paprika
2315,pineapple watermelon pasta
3108,garlic powder lamb
1252,ketchup kiwi
810,mayonnaise black tea
1786,fettuccine pork carrots
128,white bread
2529,chocolate radish
542,green tea lamb
650,broccoli spinach cherries
2295,earl grey tea cheese
1706,cherries
1568,pork shoulder
1766,mushroom broccoli ketchup
2864,vinegar
1345,potatoes pineapple garlic
3386,paprika soy sauce
1243,mustard ham spinach
360,swiss cheese gochujang
72,cumin
1447,provolone salt earl grey tea
398,strawberries apple
1684,pineapple
2366,penne ham ketchup
3167,pineapple
1137,pork shoulder
1571,banana cheese soy sauce
501,banana
1770,pineapple spaghetti ham
2967,grapes ground beef cheese
2533,linguini
2847,ham cheese green tea
29,cumin whole wheat bread blackberry
2936,potatoes mushroom linguini
514,grapes broccoli
731,provolone
2966,mayonnaise fettuccine
890,green tea cumin wheat bread
2334,mustard pineapple
1882,lamb kiwi
2290,bleu cheese tea
871,garlic powder provolone
3443,feta cheese
2856,garlic garlic powder
1465,mayonnaise
934,broccoli salt
2439,soy sauce mustard feta cheese
2109,grapes
1978,soy sauce
1924,spaghetti ribs
1495,chicken ham bleu cheese
3285,salt green tea black tea
2829,salt radish spaghetti
2183,soy sauce pasta linguini
1288,veal apple green tea
520,swiss cheese blackberry
1136,cherries
1297,salt
1163,pasta
2552,pasta pork chocolate
3280,gochujang carrots
280,bread
127,saffron paprika ketchup
3002,ribs saffron swiss cheese
141,ham
467,rice ground beef
933,black tea
1686,kiwi mayonnaise lamb
1531,ground beef orange
2061,strawberries tea
2838,bread veal
2269,spaghetti
1099,provolone pineapple
1242,fettuccine chocolate
276,earl grey tea
2946,chicken
3445,fettuccine
2656,mayonnaise feta cheese
3294,pork shoulder blackberry mushroom
3114,mayonnaise feta cheese penne
2905,feta cheese mayonnaise
3099,ham
1614,wheat bread earl grey tea
1299,provolone beef mustard
3168,onions broccoli chocolate
2532,linguini
138,radish
2308,provolone
129,radish black tea
149,rice spaghetti orange
1053,wheat bread bleu cheese saffron
1391,ribs garlic pepper
391,broccoli chocolate vinegar
659,feta cheese
1418,green tea soy sauce garlic powder
634,wheat bread garlic
1212,apple
1183,feta cheese
765,ham kiwi
742,broccoli provolone feta cheese
